t,act_force_HAA_FR,act_force_HFE_FR,act_force_KFE_FR,act_force_HAA_FL,act_force_HFE_FL,act_force_KFE_FL,act_force_trunk,act_force_HAA_HR,act_force_HFE_HR,act_force_KFE_HR,act_force_HAA_HL,act_force_HFE_HL,act_force_KFE_HL,contact_foot_FL,contact_foot_FR,contact_foot_HL,contact_foot_HR,body_lin_velx,body_lin_vely,body_lin_velz,vel_commandx,vel_commandy,vel_commandang,joint_pos_HAA_FR,joint_pos_HFE_FR,joint_pos_KFE_FR,joint_pos_HAA_FL,joint_pos_HFE_FL,joint_pos_KFE_FL,joint_pos_trunk,joint_pos_HAA_HR,joint_pos_HFE_HR,joint_pos_KFE_HR,joint_pos_HAA_HL,joint_pos_HFE_HL,joint_pos_KFE_HL,joint_vel_HAA_FR,joint_vel_HFE_FR,joint_vel_KFE_FR,joint_vel_HAA_FL,joint_vel_HFE_FL,joint_vel_KFE_FL,joint_vel_trunk,joint_vel_HAA_HR,joint_vel_HFE_HR,joint_vel_KFE_HR,joint_vel_HAA_HL,joint_vel_HFE_HL,joint_vel_KFE_HL
28.304999999998653,-1.0955267615627986,-13.032548460059047,-6.8215571087322076,-5.436521453941252,-19.20667616773942,-3.7182421743320084,-2.387658348965994,-0.16090250913830556,-5.82659581292188,17.544454746288046,-1.3863192938166282,-1.4275447651943924,-19.397593434417423,0,0,0,1,3.063476085662842,0.07149609923362732,0.27047544717788696,3.0,0.0,0.0,-0.22571763102755882,0.7603910572867376,-0.6509892100938011,0.27265534545346465,1.0959911711884818,-0.9868613458859775,0.7680008558681406,0.01606475247413192,1.3141524677133605,-1.7187743753146631,0.22255621823283855,1.602309107311609,-1.359725431888248,-0.20419626291212478,6.4449279172175755,-13.581588809047261,0.9342626311845059,9.51566053569803,-13.876789774043214,-6.410332659551821,0.23921443058935354,9.542923012497548,4.267388339855658,-3.5493711128401086,4.8900746426577735,7.7459639589552145
28.309999999998652,-0.9989789660144722,-12.275751448456267,-4.247255799762808,-5.150930963036234,-18.354030177622583,-1.579533794067764,-1.7426728850678739,-0.048514995939381134,-4.7939494580423485,17.309884196709753,-0.6427579036780031,-1.8039801931288757,-17.641274650180208,0,0,0,0,3.063476085662842,0.07149609923362732,0.27047544717788696,3.0,0.0,0.0,-0.22690572590137664,0.7889394309875196,-0.7209597487457162,0.27637989785690936,1.1387645243209035,-1.0571961410115085,0.7363169716728424,0.01692602623408435,1.3566305845842206,-1.6981406171280993,0.20410373913679422,1.6262069536957267,-1.3274063515737227,-0.23761897476356525,5.7096747401564105,-13.99410773038302,0.7449104806889376,8.55467062648434,-14.066959025106197,-6.336776839059652,0.17225475199048595,8.49562337417203,4.126751637312757,-3.6904958192088664,4.779569276823543,6.46381606290504
28.31499999999865,-0.7561580505351119,-11.644924506443015,-1.9921041267892967,-4.864952795889779,-17.479470966963966,0.2862935505971791,-0.9354989134451372,-0.04147790082009062,-5.195791948666496,14.272621375429472,-0.02457631598699006,-2.179516234755262,-15.966214420637957,0,0,0,0,3.063476085662842,0.07149609923362732,0.27047544717788696,3.0,0.0,0.0,-0.22859527617198014,0.8143241899011656,-0.7921206125898093,0.2792124691374539,1.17696401147928,-1.1277837772347492,0.7045976124969787,0.017720078960817717,1.3975555004406164,-1.6715741086671445,0.1852821550753619,1.6495826586257818,-1.3009297118177983,-0.3379100541207017,5.076951782729209,-14.232172768818613,0.5665142561089036,7.639897431675323,-14.11752724464816,-6.343871835172725,0.1588105453466736,8.184983171279157,5.313301692190962,-3.7643168122864683,4.675140986011047,5.29532795118486
28.31999999999865,-0.5364247261825011,-10.963523678287007,-0.020003149427370914,-4.570518073498107,-16.55192044555681,1.9062149287798285,-0.14900326381717122,-0.027526380386175997,-5.516738954325085,11.518050907834178,0.5014352911594262,-2.503871579326953,-14.383814987214986,0,0,0,0,3.063476085662842,0.07149609923362732,0.27047544717788696,3.0,0.0,0.0,-0.23070246071926018,0.8366124316359949,-0.8637357808603955,0.28118563099586835,1.210733998166206,-1.1980307792758762,0.6728935199793942,0.018434595596722263,1.4368282377305386,-1.6400889937213157,0.16633004864778694,1.6723465111354143,-1.279733814243806,-0.4214369094560066,4.45764834696584,-14.323033654117246,0.3946323716828868,6.753997337385171,-14.049400408225397,-6.340818503516902,0.14290332718090945,7.854547457984424,6.297022989165748,-3.7904212855149897,4.552770501926486,4.2391795147984705
28.32499999999865,0.0396124766452467,-15.326443094051102,0.11799832019730161,-6.309458040963233,-22.52341324204737,5.131673121033373,-3.1970374908426056,-2.461489655832393,-15.76724864082441,-5.241302105797432,10.92979214820518,-18.654011800053723,-26.33487108493197,0,0,0,0,3.048403739929199,0.049963079392910004,0.16070984303951263,3.0,0.0,0.0,-0.2331486268133822,0.8558925889292228,-0.9351648356318468,0.28233437627683927,1.240238330875117,-1.267424766009955,0.6412634127871862,0.019058134304033875,1.4743750889013312,-1.6046056190243672,0.1474541047287309,1.6944195933765736,-1.2632881724280225,-0.4892332188244054,3.8560314586455875,-14.285810954290259,0.22974905619418023,5.900866541782209,-13.878797346815743,-6.326021438441582,0.12470774146232219,7.509370234158536,7.096674939389715,-3.775188783811207,4.414616448231832,3.289128363156688
28.32999999999865,0.23741841139510456,-14.097511273646212,1.7756298871208074,-5.883098686603878,-20.830885306849485,6.018392821877178,-1.9391941838258777,-2.154255761364448,-14.634090176479724,-5.482875125337097,9.921471443589407,-16.849740417698303,-23.09809915687636,0,0,0,0,3.048403739929199,0.049963079392910004,0.16070984303951263,3.0,0.0,0.0,-0.23591632651314376,0.8711470150395435,-1.0062924908683268,0.2824123498251428,1.2640246959300971,-1.334823152820485,0.6085342688250689,0.01892209098275552,1.5070470465577368,-1.570641094557734,0.13206102975695058,1.71094891458624,-1.2554258552556512,-0.5535399399523148,3.050885222064134,-14.225531047296009,0.01559470966070875,4.757273010996016,-13.479677362106019,-6.545828792423478,-0.027208664255671117,6.534391531281122,6.792904893326633,-3.0786149943560663,3.305864241933292,1.572463434474243
28.334999999998647,0.4035583675258554,-12.857530231913032,3.203369857786278,-5.444282857681119,-19.14423089304308,6.745258861840263,-0.7473073228833673,-1.8500318419581867,-13.548213981816577,-5.642400104689523,8.951610979493928,-15.142080589363221,-20.108494415346918,0,0,0,0,3.048403739929199,0.049963079392910004,0.16070984303951263,3.0,0.0,0.0,-0.23891213789205054,0.8825865195157673,-1.0765955545512855,0.2814532288613749,1.2824432644199457,-1.3999672016773677,0.5749259289526231,0.018078229222949393,1.5352421215410288,-1.5382991304024265,0.1198554544049114,1.7224878996580788,-1.25506039142643,-0.5991622757813554,2.287900895244746,-14.06061273659176,-0.1918241927535722,3.683713697969708,-13.028809771376528,-6.7216679744891605,-0.16877235196122525,5.639014996658398,6.468392831061502,-2.4411150704078373,2.3077970143677655,0.07309276584425906
28.339999999998646,0.5362363414283348,-11.617813506521841,4.41969184123203,-5.000369644273397,-17.477650718075804,7.3263751009175735,0.3719427434988294,-1.5540993986175486,-12.514444527639576,-5.7302601947956235,8.02601418215409,-13.531126506554237,-17.34587957726194,0,0,0,0,3.048403739929199,0.049963079392910004,0.16070984303951263,3.0,0.0,0.0,-0.24204390854020394,0.8904361314336456,-1.1456250779786485,0.2795060250992223,1.295857022586939,-1.4626465799875568,0.5406610206811866,0.01658769475880095,1.5593462639860636,-1.5076529051030638,0.11054572889085061,1.7295576407073177,-1.2612166956767745,-0.6263541296306776,1.5699223835756717,-13.8059046854726,-0.389440752430525,2.6827516333986523,-12.535875662037819,-6.852981654287303,-0.2981068928296886,4.8208284890069635,6.1292450598725186,-1.8619451028121579,1.4139482098477871,-1.2312608500689237
28.344999999998645,4.669241080456769,-7.693514612284172,1.778905522845509,-1.4962486476756007,-13.37326486301015,8.021764691637596,3.48244550336579,-1.7680955303000703,-21.751286660968326,-15.413457966596155,11.981820286204933,-20.28640870954452,-17.493019809934797,0,0,0,0,3.0250155925750732,0.014022141695022583,0.01560753583908081,3.0,0.0,0.0,-0.24522944240018832,0.8949361918191507,-1.2129999662155577,0.2766269677608421,1.3046337066264873,-1.5226947623950993,0.5059636446000965,0.01451127167619921,1.5797345877344284,-1.4787491341779004,0.10384424736595918,1.7326716005554106,-1.2729928701943019,-0.6371067719968749,0.9000120771010135,-13.474977647381847,-0.5758114676760333,1.7553368079096532,-12.00963648150849,-6.939475216218021,-0.4152846165203477,4.077664749672949,5.780754185032694,-1.3402963049782877,0.6227919696186078,-2.355234903505471
28.349999999998644,4.263212478727123,-6.799696925537505,3.1767746472932927,-1.4436684067113146,-12.025505047910489,8.329625428225143,4.564603602752344,-1.3910744079379562,-19.608468079371967,-14.057504387043368,10.47703432834686,-17.817232142092838,-14.815962329522657,0,0,0,0,3.0250155925750732,0.014022141695022583,0.01560753583908081,3.0,0.0,0.0,-0.24727223049963326,0.8970684423308104,-1.2797007295548788,0.2737935485224507,1.309722915569357,-1.579935076982404,0.47076103628992566,0.011669882604663189,1.5938816722467803,-1.4547360640825766,0.10107764347866859,1.729792559077259,-1.2903752873411798,-0.4085576198889904,0.4264501023319339,-13.340152667864226,-0.5666838476782836,1.0178417885739495,-11.448062917460954,-7.040521662034163,-0.5682778143072044,2.8294169024703706,4.802614019064752,-0.5533207774581186,-0.5758082956303402,-3.4764834293755653
28.354999999998643,3.8576471512001933,-5.928203944905045,4.364556378796312,-1.3748779583076267,-10.730189321533853,8.532030065043585,5.529038395242965,-1.0355838445506347,-17.608864494638205,-12.75917652847163,9.079245830100392,-15.515257565020207,-12.368570804847266,0,0,0,0,3.0250155925750732,0.014022141695022583,0.01560753583908081,3.0,0.0,0.0,-0.24824058323434162,0.897024694622649,-1.3452726991248352,0.27096494112536773,1.3114649575711719,-1.6342845604453227,0.43535991130978696,0.008159185682306176,1.6024916257060908,-1.4351904166012641,0.10176269511003383,1.7216664622105924,-1.3124937776551246,-0.19367054694167107,-0.008749541632278368,-13.11439391399128,-0.5657214794165906,0.34840840036294696,-10.869896692583692,-7.08022499602774,-0.7021393844714026,1.7219906918621088,3.9091294962624765,0.1370103262730501,-1.6252193733333224,-4.423698062788951
28.359999999998642,3.464052272070525,-5.079090916842576,5.359506534474615,-1.293395185186481,-9.48262470819487,8.640228488867518,6.3741901239175185,-0.7046848436509263,-15.76014566029555,-11.52244290089441,7.786106254613527,-13.377955106830752,-10.141752540514371,0,0,0,0,3.0250155925750732,0.014022141695022583,0.01560753583908081,3.0,0.0,0.0,-0.24822586844552674,0.8949856073018795,-1.4093285532040372,0.2681109982266517,1.3101690803650234,-1.6856915999958906,0.4000526131433634,0.00407641445914732,1.6062451846458121,-1.419704474566093,0.10545013094069963,1.708989424081519,-1.338550752690209,0.0029429577629773995,-0.407817464153894,-12.811170815840407,-0.570788579743213,-0.25917544122968994,-10.28140791011356,-7.061459633284722,-0.8165542446317711,0.750711787944264,3.097188407034227,0.7374871661331606,-2.535407625814634,-5.2113950070168436
28.36499999999864,6.985416986448168,1.2279207613660084,8.067117480297991,-3.529433456266171,-7.768814368146205,10.239760978771603,15.376943206371003,-3.140892331849521,-21.297589312447876,-9.3575263225624,2.6072694830132166,-14.603587266808258,-6.320498233204649,0,0,0,0,3.0112266540527344,-0.006127949804067612,-0.13293002545833588,3.0,0.0,0.0,-0.24730176179703328,0.891139826303875,-1.471544271818748,0.2652099927671608,1.3061414804304958,-1.7341334665152444,0.3651027319340481,-0.00048511085246055307,1.6057405895526689,-1.407886166438695,0.11172270828435552,1.6924055775141142,-1.3678196462255918,0.1848213296986932,-0.7691561996008984,-12.443143722942143,-0.5802010918981806,-0.8055199869055341,-9.688373303870769,-6.989976241863055,-0.9123050623215746,-0.10091901862866204,2.3636616254795637,1.2545154687311761,-3.316769313480979,-5.853778707076572
28.36999999999864,6.1583897828320655,1.4644217657431962,8.508360570682282,-3.1368465700808708,-6.6633195874460736,9.984547244018481,15.537870205957027,-2.397412150703567,-18.902380309575182,-8.438690362154372,1.9874075976642618,-12.496546220119196,-4.7829330314934015,0,0,0,0,3.0112266540527344,-0.006127949804067612,-0.13293002545833588,3.0,0.0,0.0,-0.2444860680017074,0.8869637947660421,-1.5311384613158505,0.2615559008377922,1.299749633949293,-1.7791253085693348,0.33183007432625483,-0.006527676277846679,1.599629890634716,-1.3989250198726924,0.11908480904391153,1.6718395076937589,-1.398984640615861,0.5631387590651713,-0.8352063075665815,-11.918837899420506,-0.7308183858737229,-1.2783692962405653,-8.998368410818077,-6.654531521558652,-1.2085130850772252,-1.2221397835905994,1.7922293132005165,1.4724201519112035,-4.1132139640710665,-6.232998878053832
28.37499999999864,5.37424810359745,1.6731164664284042,8.819807410885408,-2.758566589569867,-5.6234955497429855,9.681842766751842,15.57629074817725,-1.7243046633242947,-16.67913417947726,-7.567354055833821,1.4293852237746707,-10.553644312378909,-3.4080738103771875,0,0,0,0,3.0112266540527344,-0.006127949804067612,-0.13293002545833588,3.0,0.0,0.0,-0.2399909640079075,0.882542365787646,-1.5879599263488955,0.25722668495012524,1.2912871336429772,-1.8207583258502043,0.3004242305960489,-0.013798579001455438,1.5886474772293533,-1.3925412026489736,0.12732683887382212,1.6479116727858003,-1.4315513629152112,0.8990207987599803,-0.8842857956792338,-11.364293006609007,-0.8658431775333882,-1.6925000612631604,-8.32660345617389,-6.281168746041189,-1.4541805447217515,-2.1964826810725278,1.2767634447437568,1.6484059659821164,-4.785566981591729,-6.513344459870061
28.37999999999864,4.635215790241016,1.8537084275421747,9.016020960337865,-2.3961325562732636,-4.650626292163173,9.340122483672877,15.502177256979675,-1.1199341494924968,-14.62096612138476,-6.745378620339874,0.9304128579501234,-8.769681941770028,-2.186015738276044,0,0,0,0,3.0112266540527344,-0.006127949804067612,-0.13293002545833588,3.0,0.0,0.0,-0.23402137833525716,0.8779560986053584,-1.6419006312022377,0.25229934285985844,1.2810333233368452,-1.8591382943896604,0.2710401741233788,-0.022063829832691444,1.573468339769971,-1.3884669639336946,0.13625809604508984,1.62119379905923,-1.465077826425426,1.1939171345300683,-0.917253436457524,-10.788140970668458,-0.9854684180533549,-2.0507620612264166,-7.675993707891205,-5.876811294534026,-1.6530501662472006,-3.035827491876497,0.8148477430557961,1.7862514342535436,-5.34357474531404,-6.7052927020429465
28.384999999998637,10.272413848066051,11.082318052477062,12.500244066303097,-9.960953908507495,-4.078423935570785,14.24422381830534,27.43244956889479,-5.9679678412143495,-22.256885524864575,-10.994494222550022,-2.9288479422728644,-6.201056288281897,-1.1601668961708675,0,0,0,0,2.9977407455444336,-0.019021596759557724,-0.22338911890983582,3.0,0.0,0.0,-0.2267732628864018,0.8732802612894636,-1.6928908244076333,0.2468492836133502,1.2692522645816633,-1.8943829663067455,0.2438003971719405,-0.031108470173866108,1.5547107592233214,-1.3864480692820615,0.14570602319837384,1.5922105107093676,-1.4991715465835744,1.4496230897710718,-0.9351674631789686,-10.198038641079128,-1.0900118493016493,-2.3562117510363962,-7.04893438341703,-5.447955390287657,-1.8089280682349331,-3.7515161093299088,0.40377893032659823,1.8895854306567956,-5.7966576699724985,-6.818744031629697
28.389999999998636,8.870211603151308,10.279427870490652,12.085665204819913,-8.661448291427515,-3.2204668919364456,13.119594635307106,26.36888690373155,-4.596571697400051,-19.56426803536394,-9.641060291159034,-2.9065245822215995,-4.969815735203229,-0.2151738656871558,0,0,0,0,2.9977407455444336,-0.019021596759557724,-0.22338911890983582,3.0,0.0,0.0,-0.21665220777003263,0.8707686265968246,-1.7399061148092216,0.2386621558117425,1.2561454868270583,-1.924908235915771,0.22066546042979446,-0.042847887303946494,1.5307209952041203,-1.3877324835661504,0.1545456643778146,1.5620350850787237,-1.5334832668041465,2.0242110232738297,-0.5023269385277771,-9.403058080317681,-1.6374255603215426,-2.621355550921004,-6.105053921805094,-4.62698734842921,-2.3478834260160775,-4.797952803840213,-0.25688285681778505,1.7679282358881534,-6.035085126128785,-6.862344044114402
28.394999999998635,7.563819595036855,9.494872743493534,11.622350268120261,-7.446956489404583,-2.428912060359747,12.035288348077689,25.217468621730788,-3.3735980627968605,-17.059290736287068,-8.385440794070853,-2.866473397582246,-3.8541566611137945,0.6078011048488285,0,0,0,0,2.9977407455444336,-0.019021596759557724,-0.22338911890983582,3.0,0.0,0.0,-0.20405264528847472,0.8702507471849225,-1.783065647100835,0.2280989959937048,1.2419472140425436,-1.95108659251902,0.20160062180659996,-0.056774335507794364,1.502248329541162,-1.3918957428855003,0.16277108858284273,1.5310096043108483,-1.5677130622365343,2.5199124963115813,-0.10357588238044119,-8.631906458322687,-2.1126319636075372,-2.8396545569029192,-5.235671320649773,-3.8129677246388978,-2.785289640769574,-5.694533132591672,-0.8326518638700013,1.6450848410056251,-6.2050961535750595,-6.8459590864775475
28.399999999998634,6.349904873446468,8.72427752173523,11.120432889549814,-6.317128957058408,-1.6997641280209042,10.994890020881178,23.99339199311072,-2.2920961149694463,-14.734359047518115,-7.226069471752446,-2.810453206769327,-2.848266750487957,1.317934159289031,0,0,0,0,2.9977407455444336,-0.019021596759557724,-0.22338911890983582,3.0,0.0,0.0,-0.18933796360797225,0.8715764964955046,-1.8225054013080701,0.21549878079473717,1.2268684915810266,-1.9732770497286742,0.18653742458152295,-0.07242629134159805,1.4699800990612741,-1.3985420371209318,0.1703808520915447,1.4994423520337283,-1.6016002415951114,2.9429363361004954,0.2651498621164344,-7.887950841447025,-2.5200430397935305,-3.0157444923033787,-4.4380914419308395,-3.012639445015403,-3.1303911667607354,-6.453646095977549,-1.3292588470863116,1.521952701740391,-6.313450455423979,-6.777435871715435
28.404999999998633,5.504377621164853,16.768795713643435,14.592609644239994,-11.169292301473579,2.4515310027212447,18.653141809500077,35.575416250979075,-4.7387062635206485,-18.73586536762363,-10.427194738003974,-5.730588546088331,-2.6702459530838,2.450418874412927,0,0,0,0,2.9828219413757324,-0.02309431880712509,-0.2318398505449295,3.0,0.0,0.0,-0.17284399092566052,0.8745910937847333,-1.8583741521933455,0.201177829400363,1.2110992886846592,-1.9918240603784108,0.1753801314946598,-0.0893873071001739,1.4345445812141893,-1.4073045517906864,0.17737814283951714,1.4676100357104993,-1.634920419847804,3.2987945364623448,0.6029194578457395,-7.173750177055054,-2.864190278874835,-3.1538405792734916,-3.709402129947325,-2.2314586173726285,-3.392203151715171,-7.087103569416965,-1.75250293395089,1.399458149594488,-6.366463264645822,-6.664035650538509
28.409999999998632,4.415742507313839,15.169733887483044,13.514784714229947,-9.436204135516409,2.7022783188886748,16.50908839601693,33.38707337562673,-3.308222172081793,-16.220105157661493,-8.893090551255016,-5.321683502655382,-1.9363769003855396,2.8743917294048824,0,0,0,0,2.9828219413757324,-0.02309431880712509,-0.2318398505449295,3.0,0.0,0.0,-0.1547587575450118,0.8811908602361495,-1.8895969178971104,0.18362143240340573,1.1956676922735665,-2.0042352388405553,0.17002819182550002,-0.10871646097045436,1.3952740698052573,-1.419161281331041,0.18300169873541366,1.4359234578705231,-1.6672781708032605,3.6170466761297426,1.3199532902832338,-6.244553140752969,-3.5112793993914537,-3.0863192822185477,-2.482235692428945,-1.0703879338319566,-3.865830774056093,-7.854102281786384,-2.3713459080709356,1.1247111791793074,-6.337315567995249,-6.471550191091281
28.41499999999863,3.4127698671461415,13.631354966221068,12.460583701804842,-7.84287942669533,2.9204252394309576,14.512969109194017,31.17247084127077,-2.059535310103664,-13.87542295660932,-7.49086869603587,-4.924322230944842,-1.2811436972539259,3.2192389239292396,0,0,0,0,2.9828219413757324,-0.02309431880712509,-0.2318398505449295,3.0,0.0,0.0,-0.1353774257981243,0.8910221202404517,-1.9165025773537712,0.16334876532669046,1.180630549955968,-2.0112195967182847,0.1702019016294813,-0.12984669252360803,1.3527966891826104,-1.4336199017342435,0.1873594895275268,1.4045590711902358,-1.6985439298072766,3.8762663493774974,1.966252000860445,-5.381131891332156,-4.054533415343052,-3.007428463519707,-1.3968715755458712,0.034741960796253135,-4.226046310630736,-8.495476124529384,-2.8917240806404783,0.8715581584226231,-6.272877336057465,-6.253151800803257
28.41999999999863,2.4919024359766038,12.160114639091432,11.434936427087305,-6.382199831475315,3.11413885320607,12.675882595650922,28.938278819929593,-0.9781683981710572,-11.696535417543803,-6.21526125880544,-4.5391302981446975,-0.7010989627891071,3.4919786910085033,0,0,0,0,2.9828219413757324,-0.02309431880712509,-0.2318398505449295,3.0,0.0,0.0,-0.11496942549241954,0.9037368127789235,-1.9394122632548223,0.1408317149127937,1.1660221486834632,-2.0134705535125166,0.17562231561285466,-0.15227836201347644,1.3076911837987886,-1.450229444318976,0.19055460572527996,1.373674837292401,-1.7286122671453608,4.081600061140956,2.5429385076943647,-4.581937180210248,-4.50341008277935,-2.921680254500954,-0.450191358846425,1.0840827966746742,-4.486333897973684,-9.02110107676437,-3.3219085169465354,0.639023239550636,-6.17684677956694,-6.0136674676168385
28.42499999999863,-4.455497472966517,10.62336929342392,14.350924132466078,0.0748472652669534,7.699065578173753,13.261385800728036,33.81930224459354,2.226210870891145,-12.887099425137738,-3.375368911002327,-5.168470204264469,-8.03016307505127,3.3320512257807167,0,0,0,0,2.970905303955078,-0.00535082072019577,-0.21321268379688263,3.0,0.0,0.0,-0.0937787295035023,0.9189983634070625,-1.958637503727745,0.11649995538214394,1.1518629983587048,-2.0115954883790392,0.18599260143055402,-0.17557135915658117,1.2604849452725861,-1.4685793692869582,0.19268635825559008,1.3434080799233417,-1.7574002879643378,4.238139197783446,3.0523101256278142,-3.845048094584537,-4.86635190612995,-2.8318300649516823,0.3750130266955076,2.074057163539872,-4.658599428620945,-9.441247705240466,-3.669984993596452,0.42635050606202085,-6.053351473811858,-5.757604163795426
28.42999999999863,-4.482107040354621,9.421634424625843,12.84499543885153,0.6999411820109334,7.476269843854851,11.391233246926026,31.204157858311376,2.7484288584503522,-10.66853626329275,-2.58965413928565,-4.773350574197848,-6.712986397975195,3.507141204455313,0,0,0,0,2.970905303955078,-0.00535082072019577,-0.21321268379688263,3.0,0.0,0.0,-0.07377193429654937,0.9361897872189536,-1.9731884860702262,0.09212866660801718,1.1390609644867413,-2.0054303622444674,0.20190615134434675,-0.198722928203172,1.2108353956906428,-1.487698627543216,0.1937630203310193,1.311822480806401,-1.7849068722143742,4.001359041390586,3.438284762378214,-2.910196468496248,-4.874257754825354,-2.560406774392688,1.2330252269143633,3.1827099827585448,-4.630313809318163,-9.929909916388668,-3.823851651251568,0.2153324150858452,-6.317119823388137,-5.501316850007269
28.434999999998627,-4.482904399443884,8.279357901340056,11.424277923195968,1.2482603000625865,7.24634745832073,9.678052138732927,28.59951896180809,3.1617310832037937,-8.621973440440108,-1.8905042123682234,-4.400663825567489,-5.5111847514418315,3.6282365678944153,0,0,0,0,2.970905303955078,-0.00535082072019577,-0.21321268379688263,3.0,0.0,0.0,-0.05494013325685422,0.9550576602731706,-1.9835406635321955,0.06790082042518808,1.1275529852790913,-1.9955968762161806,0.2230121721961594,-0.22148511606997145,1.15929096591269,-1.5073382822006762,0.19389943934641068,1.2792670895280254,-1.811080352363677,3.7663602079390284,3.773574610843394,-2.070435492393851,-4.845569236565818,-2.3015958415300024,1.9666972056573298,4.221204170362531,-4.5524375733598905,-10.30888595559058,-3.9279309314920288,0.027283803078273494,-6.511078255675125,-5.234696029860536
28.439999999998626,-4.46051120544911,7.198057008972075,10.088845978647457,1.726501988224829,7.011485108319828,8.114639242687364,26.021048800098203,3.4767275930337584,-6.737960155611184,-1.2720439429894714,-4.037847959181942,-4.420239269825355,3.701292172638971,0,0,0,0,2.970905303955078,-0.00535082072019577,-0.21321268379688263,3.0,0.0,0.0,-0.03726877508771709,0.9753598958356524,-1.9901416965680525,0.043972867104496605,1.1172745633189523,-1.9826632119635683,0.2489436510254181,-0.24364951996773557,1.1063455889809015,-1.5272778636885886,0.19317414932234245,1.246059790721045,-1.8358861115741842,3.534271633827427,4.060447112496362,-1.320206607171383,-4.7855906641382955,-2.0556843920278136,2.586732850522456,5.186295765851737,-4.432880779552821,-10.589075386357685,-3.9879162975824993,-0.14505800481364706,-6.641459761396106,-4.961151842101472
28.444999999998625,-3.7198185195231757,0.042303154824800515,15.268137512396223,8.793085773454077,3.566519689144692,8.442662965918416,20.327998609305652,10.626809144657354,-7.756731083808862,-0.6243465781592779,-1.5040963203405753,-8.576954958145208,2.9309235589767084,0,0,0,0,2.948263645172119,0.021196682006120682,-0.2607265114784241,3.0,0.0,0.0,-0.020738342347983597,0.9968673202434595,-1.993411676274979,0.020478579961946082,1.1081634193097931,-1.9671465486485877,0.27932380417049685,-0.2650434488519075,1.0524438261479345,-1.547323664784174,0.1916641900067871,1.2124861694913442,-1.8593047332399757,3.3060865479466983,4.301484881561416,-0.6539959413853038,-4.698857428510104,-1.8222288018318291,3.1033326629961344,6.0760306290157535,-4.278785776834386,-10.780352566593386,-4.009160219117073,-0.3019918631110695,-6.7147242459401255,-4.683724333158275
28.449999999998624,-3.7169601989365817,-0.21476375264735914,13.188440928327982,8.256960747122656,3.7214926188946182,6.893452047601339,18.193018188522014,9.831384771390614,-5.7960122701123,-0.16902423683368184,-1.4528698027437932,-6.972895295359834,3.023092436113844,0,0,0,0,2.948263645172119,0.021196682006120682,-0.2607265114784241,3.0,0.0,0.0,-0.005187013464908765,1.0177144653507417,-1.99159590050722,-0.00037221963967459457,1.0992235827605847,-1.948897428073742,0.3129403728265325,-0.2833073245705005,0.9970992992140914,-1.5672616477949028,0.19012251884486023,1.1771132091274252,-1.8815626568716315,3.110265776614966,4.169429021456468,0.3631551535518276,-4.170159920324135,-1.7879673098416875,3.649824114969103,6.723313731207126,-3.652775143718603,-11.068905386768627,-3.98759660214576,-0.3083342323853747,-7.074592072783824,-4.451584726331145
28.454999999998623,-3.6882261174141737,-0.44571208054030276,11.271289739037268,7.734086745035343,3.836267315564791,5.495292008999334,16.09931538166564,9.044976920713193,-4.011007272644111,0.2238819955242084,-1.3935158863510813,-5.514976062018619,3.0754640523183285,0,0,0,0,2.948263645172119,0.021196682006120682,-0.2607265114784241,3.0,0.0,0.0,0.00938192176263835,1.037878715634991,-1.985375991103939,-0.018766209848053318,1.0905395608397528,-1.9284319968536474,0.3495058558130516,-0.2986464832452294,0.9408103209293727,-1.5869512935281955,0.18853187794800502,1.1403906129417574,-1.9026345182101416,2.913787045509423,4.032850056849825,1.243981880656174,-3.6787980416757446,-1.7368043841663745,4.093086244018921,7.313096597303822,-3.067831734945781,-11.25779565694374,-3.937929146658546,-0.3181281793710404,-7.344519237133584,-4.214372267702011
28.459999999998622,-3.636642284383464,-0.6526959475581897,9.511141360878689,7.22678388810217,3.9121385107392173,4.239051935634027,14.055744773366872,8.27138316948777,-2.3926331679430852,0.5597120543323406,-1.327243435822882,-4.194638419236506,3.0929726295881093,0,0,0,0,2.948263645172119,0.021196682006120682,-0.2607265114784241,3.0,0.0,0.0,0.022972487075551613,1.0573438544131497,-1.9753804331287133,-0.03488454685139053,1.0821878432785594,-1.9062145555326988,0.38872882946694903,-0.31126311787738503,0.8840245199444585,-1.606272913180255,0.18687886898501613,1.1027214926663473,-1.9225080549458446,2.7181130625826526,3.8930277556317834,1.9991115950451417,-3.2236674006674426,-1.6703435122386707,4.4434882641897175,7.844594730779489,-2.5233269264311247,-11.357160196982825,-3.8643239304118704,-0.330601792597779,-7.533824055082014,-3.974707347140613
28.46499999999862,0.2750254789390931,-11.731438773753915,14.653965345641183,3.2532977298498187,-8.50148776857931,10.66339078497266,4.6327773284739635,13.579197142864961,-4.603188952638352,-1.2047706973478167,0.6568506785854112,2.1497836266503345,4.8353742500737065,0,0,0,0,2.9002461433410645,0.030134648084640503,-0.3993344306945801,3.0,0.0,0.0,0.035595183754504496,1.0761001094303175,-1.9621863242976705,-0.04890185608739847,1.0742371375165587,-1.8826607390990437,0.4303180991254073,-0.3213542271231719,0.8271419684338601,-1.6251258393638104,0.185152992550703,1.0644648595928745,-1.9411825612097413,2.5245393357905765,3.7512510034335467,2.638821766208554,-2.803461847201588,-1.59014115240014,4.710763286730995,8.31785393169165,-2.018221849157378,-11.37651030211967,-3.770585236711094,-0.34517528686262355,-7.651326614694572,-3.734901252779314
28.46999999999862,-0.02381308801933102,-10.704647319253226,12.198104916021508,3.016271132395477,-7.199988720355823,8.554479511961178,3.1813069130085445,12.084894557534094,-2.8559683836329697,-0.6878609509799549,0.6185017133220824,2.7734397870448166,4.552640623881517,0,0,0,0,2.9002461433410645,0.030134648084640503,-0.3993344306945801,3.0,0.0,0.0,0.04817851843342115,1.0913370754358855,-1.9439898443869956,-0.061536908080219256,1.063691769627091,-1.8555302971073415,0.47287616566387486,-0.32733573562431045,0.7694943421438726,-1.6440860281162575,0.1836188711190279,1.0269911904404425,-1.958093311514133,2.5166669357833302,3.0473932011136022,3.639295982134956,-2.5270103985641574,-2.1090735778935374,5.426088398340458,8.511613307693514,-1.1963017002277123,-11.529525257997518,-3.7920377504894365,-0.30682428633502024,-7.494733830486413,-3.3821500608783235
28.47499999999862,-0.2774592815508994,-9.72458305245971,9.96937259475578,2.799965068714611,-5.996489031364125,6.655669227843369,1.8000786994385685,10.67394268378669,-1.2766573603653768,-0.23844983550655652,0.5762643189883421,3.2980383008980922,4.269725052379247,0,0,0,0,2.9002461433410645,0.030134648084640503,-0.3993344306945801,3.0,0.0,0.0,0.060618471527769925,1.103371715754553,-1.9216196695975,-0.0729197662765662,1.0509349535217294,-1.8255279745642856,0.5161807652614208,-0.32964550392244696,0.7115217267573722,-1.6629883495667335,0.18227437422882484,0.9904875053232046,-1.9733436281029668,2.487990618869755,2.406928063733501,4.474034957899126,-2.2765716392693878,-2.5513632210723656,6.000464508611165,8.66091991950918,-0.46195365962730295,-11.594523077300058,-3.780464290095186,-0.2688993780406119,-7.300737023447577,-3.0500633177667655
28.47999999999862,-0.49243320343398533,-8.794490853596145,7.955466617726934,2.604143553197954,-4.8901738012473706,4.954497304400272,0.4900393375819405,9.333625060599909,0.1436653025697474,0.14920238571445577,0.5320292423311853,3.73451843034044,3.9891109742422395,1,0,0,0,2.9002461433410645,0.030134648084640503,-0.3993344306945801,3.0,0.0,0.0,0.07283248366805839,1.1125099838218553,-1.8958267851437893,-0.08317228807191236,1.0363254437046436,-1.7932877370568376,0.5600204810281855,-0.3286657149720183,0.6536173295396422,-1.6816908926288778,0.1811130479242976,0.9551040837318223,-1.9870365988262528,2.442802428057692,1.82765361346044,5.1585768907421645,-2.0505043590692322,-2.9219019634171706,6.448047501489612,8.767943153352935,0.19595779008572833,-11.580879443545996,-3.7405086124288873,-0.23226526090544325,-7.076684318276472,-2.7385941446571866
28.484999999998617,0.8430501471586265,-17.518684541942587,11.889160859323951,-0.8047950604425114,-22.73580258461955,14.98329862867524,-11.375327005022655,9.703250408064527,1.5334975253485297,7.028669466648112,2.430401049980536,7.832685688639364,8.236344092574912,1,0,0,0,2.8168835639953613,0.011163070797920227,-0.45752695202827454,3.0,0.0,0.0,0.08533324384808304,1.1180174466287867,-1.8671659103523706,-0.09146944267804508,1.0401651953286253,-1.7756331245180152,0.6069816462204605,-0.3260053941081805,0.5971075441407688,-1.700032880542076,0.17879194344430346,0.9213200828877528,-1.9990069531352113,2.5001520360049287,1.1014925613862636,5.732174958283764,-1.6594309212265437,0.7679503247963502,3.530922507764478,9.392233038455007,0.5320641727675535,-11.301957079774681,-3.6683975826396065,-0.4642208959988302,-6.756800168813904,-2.3940708617916817
28.489999999998616,0.3919743103592257,-15.310862952977846,9.375921489641359,-0.7884529395647881,-26.77992732901847,16.968554765297796,-12.952251979766427,8.597091158845732,2.409085726927625,6.3511065161117495,2.741882791187426,7.678246403206231,7.222572283622521,1,0,0,0,2.8168835639953613,0.011163070797920227,-0.45752695202827454,3.0,0.0,0.0,0.09816002010410482,1.1180060667083345,-1.8342774649729585,-0.09931698141529405,1.0532946668438996,-1.7636882095088238,0.6548908016361165,-0.32089883506170075,0.5418616562322313,-1.7157016622238237,0.1758744763073516,0.8898867627649418,-2.0078878235225783,2.565355251204357,-0.002275984090454486,6.57768907588241,-1.5695077474497934,2.625894303054881,2.388983001838307,9.581831083131194,1.0213118092959523,-11.049177581707509,-3.133756336349578,-0.5834934273903769,-6.2866640245622,-1.7761740774733974
28.494999999998615,0.029774264409342166,-13.317942365259194,7.13202253029867,-0.5925867566007872,-28.91388153984679,17.18913420405788,-14.230195408628127,7.407468838107496,3.222409739969212,5.701353964192366,2.9362887622542395,7.499465870907513,6.295479861514529,1,0,0,0,2.8168835639953613,0.011163070797920227,-0.45752695202827454,3.0,0.0,0.0,0.1110845155120074,1.1133061312826884,-1.7980438717703526,-0.10716376183379661,1.0706728852366951,-1.7529649470031379,0.7029886971540555,-0.313293550498571,0.48795182287586275,-1.7289199213315407,0.1726711990700632,0.8607231215488814,-2.01406489583514,2.5848990815805166,-0.9399870851292041,7.2467186405211805,-1.5693560837005118,3.4756436785590994,2.1446525011371906,9.619579103587805,1.5210569126259488,-10.781966671273697,-2.6436518215434237,-0.6406554474576789,-5.832728243212086,-1.2354144625123793
28.499999999998614,-0.2583512938363368,-11.511628541248324,5.135739020558198,-0.3601967159554902,-29.880540310273354,16.331044640221968,-15.307729949732735,6.2002001252815795,3.9501023068871497,5.082843732957406,3.0651313223960965,7.305426159706549,5.4454556412363875,1,1,0,0,2.8168835639953613,0.011163070797920227,-0.45752695202827454,3.0,0.0,0.0,0.12392668897414084,1.104632512472643,-1.7592445287332166,-0.11509576702919971,1.0893033467132711,-1.740853430376996,0.7507926800911855,-0.3032950033501526,0.43550093838300313,-1.7399053175947217,0.16935319094051682,0.8337315526660033,-2.0178785539639557,2.5684346924266883,-1.734723762009072,7.759868607427215,-1.5864010390806216,3.72609229531518,2.422303325228374,9.560796587425985,1.9997094296836773,-10.490176898571919,-2.1970792526361818,-0.6636016259092776,-5.398313776575628,-0.7627316257631145
28.504999999998613,3.3573773364085144,-31.277518081596188,6.679648606032339,2.8306536928171266,-38.037711919648814,7.619533056155802,-25.939439404751077,4.567685519102331,3.4983061730503664,14.42126552763069,4.885637225413201,4.088335010323,8.822400198229234,1,1,0,0,2.632317543029785,-0.12357418984174728,-0.10026733577251434,3.0,0.0,0.0,0.12867546388221648,1.106588360386643,-1.7283202570491196,-0.11990011226842198,1.1059367718352007,-1.7247536076815824,0.8000096610512324,-0.2892475627442732,0.38534334635486805,-1.748669727042775,0.16713366611577757,0.8093587123805795,-2.0196842703275837,0.9497549816151285,0.3911695828000017,6.184854336819398,-0.9608690478444528,3.326685024385924,3.2199645390827403,9.843396192009372,2.809488121175876,-10.03151840562702,-1.752881889610653,-0.4439049649478496,-4.874568057084758,-0.36114327272558583
28.509999999998612,4.704121333042331,-33.099601732483535,7.260373923305487,1.9042676744656069,-37.09904493042847,5.628578412032073,-27.299487359321063,2.6567079510039413,3.9996001102924,12.388202471110501,4.5074696748740175,4.240668886852576,7.511365755989444,1,1,0,0,2.632317543029785,-0.12357418984174728,-0.10026733577251434,3.0,0.0,0.0,0.12997608968597282,1.1127164140724957,-1.7005814726812005,-0.12224211715627466,1.1193831319753218,-1.7049162342173725,0.8495316383185,-0.27153002436674345,0.3369566857701714,-1.7521349052138364,0.1659345075761152,0.7860611359318758,-2.018298981158669,0.260125160751266,1.2256107371705194,5.547756873583836,-0.46840097757053456,2.6892720280242393,3.9674746928419804,9.904395453453521,3.543507675505949,-9.677332116939327,-0.6930356342122899,-0.2398317079324779,-4.659515289740749,0.277057833782877
28.51499999999861,5.276850319192408,-33.749925509428415,6.774795478737795,1.2541752890834763,-36.03991767603986,3.5684039944779133,-28.3985079497643,1.0151884086420413,4.438974038784529,10.53068323605787,4.2694684486064425,4.407164140328261,6.307094118543757,1,1,0,0,2.632317543029785,-0.12357418984174728,-0.10026733577251434,3.0,0.0,0.0,0.12985261047503743,1.120014167604933,-1.6733318439947644,-0.12291672790864863,1.1295464656262861,-1.681398295856812,0.8987264889005007,-0.2509922952058639,0.290382478329299,-1.751025615880594,0.16536589065941548,0.7637422516190353,-2.0141615992645248,-0.024695842187080153,1.4595507064874897,5.44992573728723,-0.13492215047479467,2.0326667301928794,4.703587672112056,9.838970116400132,4.107545832175904,-9.314841488174487,0.2218578666484945,-0.1137233833399445,-4.463776862568086,0.8274763788289161
28.51999999999861,5.474249899225277,-33.68356669329193,5.656084927591733,0.7589111555711268,-34.94007983401195,1.5407237333519337,-29.318883576067133,-0.4234742869868473,4.817545689057209,8.836566936781082,4.12573483691035,4.568596791536,5.207603035019642,1,1,0,0,2.632317543029785,-0.12357418984174728,-0.10026733577251434,3.0,0.0,0.0,0.1292719251470209,1.126726503126906,-1.6450528745224808,-0.12238632830261861,1.1365241023753634,-1.6544927532559883,0.9471931144513315,-0.22827757906473287,0.2456571733254833,-1.7459954228627732,0.16516891853004184,0.7423564013217555,-2.0076805549323318,-0.11613706560330768,1.3424671043945853,5.655793894456717,0.10607992120600496,1.3955273498154552,5.381108520164749,9.693325110166162,4.5429432282262106,-8.94506100076313,1.0060386035641296,-0.039394425874727745,-4.277170059455957,1.2962088664385614
28.52499999999861,-1.216625640051367,-50.0,0.8730604949680245,-3.3289600063316604,-39.15558983210872,0.7980072850195814,-31.550668504406666,-5.505805893564565,7.728405009276152,17.25756862135893,10.303453092249633,6.6206243223885135,4.001625341884742,1,1,0,0,2.4818201065063477,-0.101311594247818,0.09805198013782501,3.0,0.0,0.0,0.1286903294430397,1.1318744874028308,-1.614960861545306,-0.12093436193050927,1.1405069126975853,-1.624578135127813,0.9946703273251353,-0.20390743750544643,0.20281195126650203,-1.7376376136818206,0.16518692318010691,0.7218772771809445,-1.999231464105734,-0.11631914079624081,1.0295968551849415,6.0184025954349885,0.29039327442186796,0.7965620644443753,5.982923625635075,9.49544257476077,4.874028311857287,-8.569044411796256,1.6715618361905362,0.0036009300130150496,-4.095824828162198,1.6898181653195476
28.52999999999861,-1.0402754429496746,-49.22414563604185,-0.8298084452583456,-3.5093667991398036,-37.63686142079755,-1.116062887765402,-32.76618587443851,-6.189959965180355,7.663718435548125,14.441824579888726,9.694708888878065,6.483713099706458,3.108949373990759,1,1,0,0,2.4818201065063477,-0.101311594247818,0.09805198013782501,3.0,0.0,0.0,0.12772800361081812,1.133792414071975,-1.5826322165309616,-0.11914331877368133,1.1406819614448267,-1.5919195058947422,1.0422148038417314,-0.17936105939878674,0.1626392400903503,-1.7231461602374647,0.16663620803516008,0.7029249514547272,-1.989178964579774,-0.19246516644431733,0.38358533382884896,6.46572900286887,0.3582086313655904,0.035009749448275174,6.531725846614181,9.508895303319242,4.909275621331935,-8.034542235230345,2.8982906888711897,0.2898569710106344,-3.7904651452434543,2.0104999051920376
28.534999999998607,-0.9451000920223622,-47.88209026984398,-2.594982581520899,-3.66829742253973,-36.15803449402204,-2.9287085354613946,-33.85352930360041,-6.776078606665211,7.559585423401403,11.884447437863585,9.157834388367931,6.353955340178711,2.3082437664979745,1,1,0,0,2.4818201065063477,-0.101311594247818,0.09805198013782501,3.0,0.0,0.0,0.12659834317831,1.132439744193057,-1.548051905608608,-0.11708367668866695,1.1373671204380527,-1.5569169239160967,1.0895210015730263,-0.15487948320078973,0.1250746484237292,-1.7034897872497765,0.16926347495876337,0.6853927807936468,-1.97783377536124,-0.22593208650162203,-0.27053397578361094,6.916062184470725,0.4119284170028738,-0.6629682013548027,7.000516395729109,9.461239546259003,4.8963152395994,-7.512918333324221,3.931274597537658,0.5254533847206591,-3.506434132216076,2.2690378437067564
28.539999999998606,-0.8950003313824171,-46.49492328921333,-4.357797389433545,-3.811775402844062,-34.71953883972491,-4.646219699209315,-34.816381431685016,-7.268037607681202,7.432377447563144,9.573691063454334,8.682025929993017,6.237203779231422,1.5949738791947192,1,1,0,0,2.4818201065063477,-0.101311594247818,0.09805198013782501,3.0,0.0,0.0,0.1254172515697378,1.1279027208231795,-1.5113579310748335,-0.11480759477264324,1.1308625744215661,-1.5199321146097293,1.1363100162097384,-0.1306804491296961,0.09001905150417583,-1.6795525976745187,0.17285574608303686,0.6691666238442707,-1.9654776681266124,-0.23621832171444176,-0.9074046739754664,7.338794906754868,0.45521638320474367,-1.3009092032972869,7.396961861273477,9.357802927342405,4.839806814218726,-7.011119383910674,4.7874379150515605,0.7184542248546979,-3.24523138987523,2.4712214469255382
28.544999999998605,-3.7655315916544585,-50.0,-5.503058959305671,1.3539499414475349,-38.54120366609781,-1.3384158421459897,-40.219361230316906,-10.415972428999247,13.61031609794364,11.88340881516268,10.010251734150964,11.27306606554503,-0.3399199646076676,1,1,0,0,2.433539628982544,-0.09798072278499603,0.13149622082710266,3.0,0.0,0.0,0.12425029427728129,1.120301557755879,-1.4727584896874752,-0.11235343666599712,1.1214244421455146,-1.4812925128622854,1.182345270368459,-0.10695639285361126,0.05734756455376506,-1.6521373850215024,0.17723249126774845,0.6541288485844714,-1.9523644278141556,-0.23339145849130044,-1.5202326134601154,7.7198882774716635,0.490831621329224,-1.8876264552103055,7.727920349488815,9.207050831744123,4.744811255216966,-6.534297390082154,5.483042530603243,0.8753490369423165,-3.0075550519598546,2.622648062491346
28.549999999998604,-3.752497029065225,-50.0,-7.500792003860322,1.0932758525569022,-36.78932137225857,-3.382297724271103,-40.94747118386711,-10.486737763642024,12.760029892374881,9.42008262245134,9.470259801750233,10.588013566742742,-0.7028368060512244,0,1,0,0,2.433539628982544,-0.09798072278499603,0.13149622082710266,3.0,0.0,0.0,0.12312131197240639,1.1093313246152288,-1.4317290553357154,-0.10943029000352869,1.1084194181354914,-1.4401166950243967,1.2273857682909024,-0.08446136262990135,0.02859860320177553,-1.6205387703064016,0.18262235010606695,0.6415875365724304,-1.9391686325990352,-0.22579646097498068,-2.1940466281300495,8.205886870351991,0.5846293324936849,-2.6010048020046357,8.235163567577763,9.008099584488683,4.499006044741981,-5.749792270397905,6.319722943020153,1.0779717676637002,-2.508262402408198,2.6391590430241183
28.554999999998603,-3.7569745111028308,-50.0,-9.790100858206067,0.5371809278758013,-32.520486322123446,-4.1268456197671455,-41.08612222323757,-10.455549940903355,12.022467761863762,7.218873313731629,8.888822671691436,9.951831366745942,-0.9934070419331338,1,1,0,0,2.433539628982544,-0.09798072278499603,0.13149622082710266,3.0,0.0,0.0,0.12206927564320084,1.095800875937614,-1.3877265080532455,-0.1053706344984264,1.0861350777727987,-1.3996111067169812,1.2701030628987797,-0.06336295259050066,0.0032761975305174336,-1.5856195816128487,0.1890632457893286,0.6312808480905019,-1.9260653659591995,-0.21040726584110825,-2.706089735522945,8.80050945649399,0.8119311010204568,-4.456868072538539,8.10111766148309,8.543458921575443,4.219682007880138,-5.064481134251619,6.983837738710595,1.2881791366523285,-2.0613376963856913,2.6206533279671276
28.559999999998603,-3.7496605063291075,-49.745140577803774,-11.570098783455121,0.5599837631773323,-32.43604966560613,-6.27791540564882,-41.838883926803376,-10.43380096147989,11.226930048258469,5.261319488095234,8.48329477707706,9.371480709241748,-1.2560682000791785,1,1,0,0,2.433539628982544,-0.09798072278499603,0.13149622082710266,3.0,0.0,0.0,0.12106191438095157,1.0785056470228644,-1.3421241154926877,-0.10160343598845138,1.0649629064749295,-1.356426859402045,1.3120787794792896,-0.04355679956382581,-0.018684801422183615,-1.5481484538409485,0.19607944853737339,0.6229459663604614,-1.9131148534554812,-0.2014722524498544,-3.4590457829499313,9.120478512111545,0.7534397019950034,-4.234434259573832,8.636849462987225,8.395143316101976,3.9612306053349693,-4.39219979054021,7.494225554380042,1.4032405496089582,-1.6669763460080882,2.5901025007436704
28.5649999999986,-8.25608697042501,-47.46187257620755,-9.988503002892955,8.23188793588524,-33.70204200526319,-4.7440850116692275,-48.35738394466456,-13.568805666356514,18.65382445076337,2.955723900768291,5.762610697086727,15.405618187388654,-5.614355909534144,1,0,0,0,2.514047145843506,-0.09145356714725494,0.13405919075012207,3.0,0.0,0.0,0.11998366088652587,1.057329687918558,-1.2950306676942773,-0.09795986133551735,1.0432745630503333,-1.3116720002388615,1.3528596951780225,-0.025105533746258984,-0.037689472372022956,-1.5088161121230688,0.2036040712973685,0.6163022629849952,-1.9004302361288141,-0.21565069888514002,-4.235191820861265,9.418689559682058,0.7287149305868079,-4.337668684919264,8.950971832636682,8.156183139746588,3.6902531635133653,-3.8009341899678675,7.866468343575937,1.5049245519990218,-1.3287406750932236,2.5369234653333947
28.5699999999986,-6.93606139750144,-41.85625753392368,-10.055344621552774,7.943808251730816,-32.94183194010766,-7.314170868425469,-47.84820157447827,-13.060433433272873,17.17565513514547,1.5627906208383848,5.534608407020567,14.304493565516971,-5.16239795772009,1,1,0,0,2.514047145843506,-0.09145356714725494,0.13405919075012207,3.0,0.0,0.0,0.11586289154371682,1.0242096910150136,-1.2505501483106916,-0.09385278005239255,1.0210732749679943,-1.2635025190105567,1.390043657317568,-0.008935806466392894,-0.0520981760527708,-1.468519947494641,0.21122254516575484,0.6126402471536664,-1.889555203237396,-0.8241538685618115,-6.62399938070889,8.896103876717145,0.8214162566249588,-4.440257616467791,9.633896245660992,7.436792427909118,3.233945455973218,-2.8817407361495677,8.059232925685544,1.5236947736772715,-0.7324031662657718,2.17500657828364
28.5749999999986,-7.583045334918473,-42.04468213566575,-12.865068329655747,7.826751967308424,-31.189973223287694,-9.055406013789739,-48.17824588727699,-12.58513971655011,15.7686924922221,0.3475762974505372,5.544444790600696,13.211792711249332,-4.738586031488227,1,1,0,0,2.514047145843506,-0.09145356714725494,0.13405919075012207,3.0,0.0,0.0,0.11350683554440719,0.9934812812275413,-1.2020750154600157,-0.08971186523434005,0.9960559244979812,-1.214069512806589,1.425816902420196,0.0051644222282510414,-0.06234880859247849,-1.4277348176716789,0.21836972908051816,0.611764704851869,-1.8803170826954303,-0.4712111998619249,-6.145681957494448,9.695026570135184,0.8281829636104984,-5.003470094002609,9.886601240793532,7.1546490205256275,2.820045738928787,-2.0501265079415374,8.157025964592439,1.429436782952665,-0.1751084603594849,1.8476241083931384
28.5799999999986,-7.922291124787204,-41.315080352816125,-15.040763625470014,7.656946554107337,-29.435406501510084,-10.652013150991914,-48.235167026752414,-12.080308987073188,14.503126246322708,-0.6929609882987116,5.528241949482592,12.238021242281555,-4.327163987101682,0,1,0,0,2.514047145843506,-0.09145356714725494,0.13405919075012207,3.0,0.0,0.0,0.11208759646239515,0.962843714879686,-1.151332077963346,-0.08541499149217044,0.9683817905926099,-1.1637876078212026,1.459619771080259,0.01724738869502905,-0.06901865981596951,-1.386900490107128,0.2251346147441027,0.6132318920242191,-1.8725904328780192,-0.28384781640240875,-6.127513269571072,10.148587499333946,0.8593747484339227,-5.534826781074271,10.056380997077289,6.760573732012556,2.416593293355602,-1.3339702446982051,8.166865512910178,1.3529771327169116,0.29343743447002707,1.545329963482227
28.584999999998598,-14.484928524782442,-31.35697265848387,-10.982295274522711,13.262594855698406,-22.398042736247596,-2.585625462587668,-50.0,-14.787579761945214,25.11842126886597,-7.2339332983633255,2.1237495360583973,21.279858477711358,-5.349865495200035,1,1,0,0,2.6983675956726074,-0.06938017159700394,0.11289027333259583,3.0,0.0,0.0,0.1107689456116469,0.931790101515411,-1.0984830637386984,-0.07882037876289918,0.93322188145397,-1.1166192269233968,1.490186041867808,0.027262110361262998,-0.07276682323735949,-1.346379760537011,0.231654669896166,0.6168413137129624,-1.8662727906125145,-0.26373017014965155,-6.210722672855,10.569802844929534,1.3189225458542495,-7.031981827727982,9.433676179561147,6.113254157509768,2.002944333246789,-0.749632684277995,8.10414591402342,1.304011030412662,0.72188433774865,1.263528453100954
28.589999999998597,-14.242289454300348,-30.014404935418856,-12.879154234938547,13.532575824827052,-21.937770540345362,-5.361882258117202,-50.0,-13.877223925744234,22.781815179036705,-7.113510392623693,2.4420829122690897,19.310083316986695,-4.736979177097005,1,1,0,0,2.6983675956726074,-0.06938017159700394,0.11289027333259583,3.0,0.0,0.0,0.1089569469980436,0.899404188412411,-1.0442796175027576,-0.07324893376859365,0.899047208862539,-1.0656930877359807,1.5182914180403622,0.034545717020774996,-0.07079660977554002,-1.3085259513080527,0.23704217268349456,0.6248731815628964,-1.8617688598169877,-0.362399722720657,-6.4771826206000025,10.840689247188191,1.1142889988611075,-6.834934518286211,10.185227837483213,5.6210752345108315,1.4567213319024,0.3940426923638929,7.570761845791625,1.0775005574657088,1.6063735699868045,0.9007861591053543
28.594999999998596,-13.810785172891576,-28.67659023692596,-14.576147801559982,13.58193290184328,-21.046078734911703,-7.501488488391455,-50.0,-13.001454402816245,20.620213994503402,-6.944214681195671,2.7336501673221307,17.480798494802965,-4.168790833032206,1,1,0,0,2.6983675956726074,-0.06938017159700394,0.11289027333259583,3.0,0.0,0.0,0.10623623234663164,0.8657755297307806,-0.9892716832415862,-0.06812135513163838,0.8647847127637012,-1.012728236194238,1.5435569753219724,0.039340242058132205,-0.06385617078904333,-1.2732971795900405,0.2414267229420319,0.6367367861797372,-1.858866779877821,-0.5441429302823932,-6.725731736326072,11.001586852234267,1.0255157273910538,-6.852499219767566,10.592970308348557,5.053111456322077,0.9589050074714413,1.388087797299336,7.045754343602462,0.8769100517074715,2.37272092336816,0.5804159878333697
28.599999999998595,-13.242438692242962,-27.367876759603526,-16.06867653735535,13.459057145818495,-19.957338683416303,-9.197910212027304,-49.69532163554996,-12.17306961446303,18.618584069697427,-6.738241597576469,3.0109551187489307,15.786713272790783,-3.6476314247807404,0,0,0,0,2.6983675956726074,-0.06938017159700394,0.11289027333259583,3.0,0.0,0.0,0.10233827389671775,0.8310457016131934,-0.9339876774997888,-0.06300627934150452,0.8299759163142175,-0.9588873836287487,1.5657533910109653,0.04190359553246083,-0.052614275449267695,-1.2406253311110154,0.24490087624082754,0.6518886145767925,-1.8573616679544909,-0.7795916899827776,-6.945965623517453,11.056801148359485,1.0230151580267726,-6.961759289896722,10.768170513097864,4.439283137798585,0.5126706948657249,2.2483790679551285,6.534369695805046,0.6948306597591262,3.0303656794110596,0.30102238466601133
28.604999999998594,-20.162246302008487,-12.06144891670693,-5.236492564220715,15.826668004617675,-13.012285729658718,-2.1424553510283815,-50.0,-12.909409727388041,28.85401121022415,-10.978442916596046,1.83846760342482,21.040928437870132,2.016528370143005,1,1,0,0,2.910966396331787,-0.03322408348321915,0.017669975757598877,3.0,0.0,0.0,0.09516095087766027,0.7900370430221271,-0.8834044913500328,-0.05480443320853056,0.7905527055208574,-0.907573358554166,1.5824365416773194,0.04222205243374073,-0.037650613798631834,-1.2104117034313269,0.2478752741562608,0.6700335301561283,-1.8570585937209867,-1.4354646038114964,-8.201731718213253,10.116637229951191,1.6403692265947916,-7.884642158672021,10.262805014916546,3.336630133270791,0.0636913802559802,2.992732330127172,6.042725535937686,0.5948795830866491,3.6289831158671735,0.06061484670084091
28.609999999998593,-19.507706014850736,-12.580729825891066,-7.959809086994149,16.096034197938696,-12.997362063786822,-4.7425216231446505,-50.0,-11.95263582023456,25.795116096038246,-10.018819791205274,2.2571309679747404,18.74889388283789,1.7294756323986649,0,0,0,0,2.910966396331787,-0.03322408348321915,0.017669975757598877,3.0,0.0,0.0,0.0868657285369997,0.7526624958992039,-0.8293889831555015,-0.04771885142060453,0.7534133926191728,-0.8531600025495792,1.596357772601092,0.04027054385340774,-0.01636976727053714,-1.184233284733716,0.24968961721890404,0.692504120242638,-1.8560979291771138,-1.6590444681321141,-7.474909424584645,10.803101638906266,1.4171163575852064,-7.427862580336911,10.882671200917347,2.7842461847545246,-0.39030171606659786,4.256169305618938,5.235683739522165,0.36286861252864855,4.494118017301924,0.19213290877460001
28.61499999999859,-17.47497301583716,-10.488828394920972,-8.3803675135207,14.48556463267758,-10.861347281813277,-5.630925048979304,-48.34748558757952,-10.954587130441448,22.937619438727914,-9.126067439284002,2.5110646654822055,16.532249126408765,1.4667981879164942,1,0,0,0,2.910966396331787,-0.03322408348321915,0.017669975757598877,3.0,0.0,0.0,0.07427555927752251,0.71256433053417,-0.7775613085570565,-0.03726072840782446,0.7134328280482378,-0.7998570711903572,1.6049587059641823,0.03608548003711055,0.010382786302517474,-1.161695366787544,0.2507997431660801,0.7188685456333038,-1.85457570973704,-2.5180338518954373,-8.01963307300677,10.36553491968898,2.0916246025560135,-7.996112914186995,10.660586271844398,1.7201866726180672,-0.8370127632594382,5.350510714610923,4.507583589234379,0.22202518943521501,5.2728850781331635,0.3044438880147613
28.61999999999859,-15.666500582660003,-8.391954696252672,-8.61484255242243,14.912494858859993,-11.978611081594137,-8.336035318798784,-46.973232161468694,-10.162413836424445,20.144537482209014,-8.286240083428606,2.7644110469595486,14.617395037139609,1.1990000917243622,0,1,0,0,2.910966396331787,-0.03322408348321915,0.017669975757598877,3.0,0.0,0.0,0.05817075895524479,0.6698910603113892,-0.7282306147258102,-0.028422330810343018,0.6784329173927246,-0.743324641040926,1.6098201645974184,0.030282659282908474,0.04213361779837805,-1.1424592730872773,0.25124845845406385,0.748187661505152,-1.8525129194494596,-3.2209600644555447,-8.53465404455616,9.866138766249266,1.7676795194962889,-6.999982131102651,11.306486029886248,0.9722917266472019,-1.1605641508404143,6.350166299172114,3.8472187400533473,0.08974305759674667,5.863823174369639,0.41255805751607394
28.62499999999859,-17.563689258767646,-7.580178821869044,-4.3091145838063305,14.059316035017922,-4.431355695902019,-7.302775812056419,-50.0,-6.489018689986974,33.18122942379391,-8.254767593836759,4.464997078121028,24.162965653326125,11.887852190113266,1,1,0,0,3.0595197677612305,0.005194772034883499,-0.20154330134391785,3.0,0.0,0.0,0.04272527534844667,0.6352972947202576,-0.6742367018371204,-0.016432874374276218,0.6404559991396368,-0.6893470325397023,1.6120283272645224,0.0230139724685799,0.07774749496086727,-1.1261673014814286,0.25066838824627496,0.7804876507417307,-1.8499672258148863,-3.0890967213596245,-6.918753118226322,10.798782577737958,2.3978912872133598,-7.59538365061757,10.795521700244734,0.4416325334208153,-1.4537373628657144,7.122775432497845,3.258394321169727,-0.11601404155778233,6.45999784731573,0.5091387269146662
28.62999999999859,-16.896589205274818,-8.431240804531837,-6.9574668789094165,14.513181717962834,-5.497762346474401,-9.192974330197558,-50.0,-6.139640350726449,29.078904263088106,-7.341192780879739,4.592201494710328,21.127172935307584,10.11582024473805,0,0,0,0,3.0595197677612305,0.005194772034883499,-0.20154330134391785,3.0,0.0,0.0,0.026618702416182968,0.6047409552995756,-0.6171874843063463,-0.006216599335495496,0.6072222093733715,-0.6340970515546891,1.6117261057864731,0.01535078878624589,0.12091896796251786,-1.1129832689417052,0.24982313530579292,0.8180306823009071,-1.843401791934405,-3.2213145864527397,-6.1112678841363985,11.409843506154825,2.0432550077561444,-6.646757953253062,11.049996197002638,-0.06044429560983733,-1.532636736466802,8.634294600330115,2.6368065079446743,-0.1690505880964067,7.508606311835297,1.3130867760962581
28.634999999998588,-15.115442839962085,-7.104876087342497,-7.577339534754177,13.072577327932539,-4.466594835801089,-9.42286705082429,-50.0,-5.757149620252456,25.229658428453448,-6.535306521610624,4.605525620693793,18.19309522915476,8.483756630767623,0,0,0,0,3.0595197677612305,0.005194772034883499,-0.20154330134391785,3.0,0.0,0.0,0.007268642326257759,0.5728611894514294,-0.5620355792048065,0.006788375736369413,0.5735170719211845,-0.5815561454026138,1.6067224898900307,0.007238402425286837,0.17060799157497641,-1.102470970690834,0.24899625224184874,0.8602690124887269,-1.8333824103669627,-3.870012017985042,-6.375953169629241,11.030381020307958,2.6009950143729816,-6.74102749043738,10.508181230415063,-1.0007231792884783,-1.6224772721918106,9.937804722491713,2.102459650174227,-0.16537661278883742,8.44766603756396,2.0038763134884436
28.639999999998587,-13.457534665555475,-5.9715655426803735,-8.05383910698973,11.711165629543427,-3.6112774182243452,-9.546932334328272,-50.0,-5.4636345850279895,21.623395950102584,-5.820812115546129,4.627605269494617,15.476395566106056,6.974411563205123,0,0,0,1,3.0595197677612305,0.005194772034883499,-0.20154330134391785,3.0,0.0,0.0,-0.01484413934521682,0.540190090901028,-0.5090067283510383,0.02223167391786371,0.5397820780424751,-0.5318139624747689,1.5969413025443813,-0.0010874083502616042,0.22585945492399828,-1.0942582062336952,0.2481660572433111,0.9064149695197308,-1.82040100402687,-4.4225563342949155,-6.534219710080286,10.605770170753633,3.0886596362988588,-6.7469987757418854,9.948436585568992,-1.956237469129902,-1.665162155109688,11.05029266980437,1.6425528914277445,-0.16603899970752803,9.229191406200766,2.5962812680185356
28.644999999998586,-5.7934163238751015,1.8557241121394696,-8.887627529708856,5.801911736712446,4.282247371349312,-16.506346172671506,-50.0,0.71701384875873,40.998027566490435,12.978338951888006,3.3786668172219354,20.335138457417642,20.21667359651573,1,0,1,1,3.067868709564209,0.07754799723625183,-0.4204983115196228,3.0,0.0,0.0,-0.03965260362736504,0.5054894608857632,-0.45837381783737935,0.039556619240938416,0.5057317631924048,-0.48492474457689644,1.580900557671193,-0.004036514741481555,0.2625248053920842,-1.120124190725879,0.24625721195321826,0.9550011552665336,-1.804811493817569,-4.961692856429646,-6.940126003052953,10.126582102731795,3.464989064614941,-6.810062970014072,9.377843579574485,-3.2081489746376617,-0.58982127824399,7.333070093617189,-5.173196898436753,-0.38176905801856675,9.717237149360571,3.1179020418601993
28.649999999998585,-4.937435068482184,3.027734866233363,-8.878130061182617,7.357809749847938,0.7748442379922729,-18.45463456644028,-50.0,0.11466182796594054,42.6965502705686,21.753565754834007,1.8087570512655267,24.941093776749824,27.20545715385263,1,0,1,1,3.067868709564209,0.07754799723625183,-0.4204983115196228,3.0,0.0,0.0,-0.0650158200232526,0.47007237203823427,-0.4107416608092915,0.05220151363174875,0.4819371212943551,-0.43620950798179586,1.5631573381571118,-0.005394845413705532,0.29303684652892237,-1.1651162391960426,0.24815455701185185,0.9898917881592135,-1.8065832102260784,-5.07264327917751,-7.083417769505788,9.526431405617577,2.528978878162066,-4.758928379609932,9.743047319020116,-3.5486439028162433,-0.2716661344447956,6.102408227367629,-8.99840969403271,0.37946901172671776,6.978126578535981,-0.3543432817018828
28.654999999998584,-4.214279413674042,3.8385318135120983,-8.814282918050615,7.874498813728556,-1.5433460390072025,-19.281461288720937,-50.0,-0.19197371828662219,42.84380419864739,26.887973461258156,1.0486418305087049,26.816449012298968,30.62836109771344,0,0,1,1,3.067868709564209,0.07754799723625183,-0.4204983115196228,3.0,0.0,0.0,-0.09058862523069533,0.43483088383519825,-0.36606162394316644,0.06288685173161584,0.46499672957148364,-0.3884143988986879,1.543473209718763,-0.005951778878733834,0.32140758188576113,-1.2195426558889593,0.2517287999394054,1.0183174303275024,-1.8163045996549363,-5.114561041488546,-7.048297640607205,8.936007373225014,2.1370676199734184,-3.388078344574301,9.559021816621595,-3.936825687669786,-0.11138669300566043,5.67414707136775,-10.885283338583324,0.7148485855107094,5.685128433657799,-1.9442778857715646
28.659999999998583,-3.660245143565154,4.245898147651889,-8.741829634757934,7.292808043668462,-1.0443401938775514,-17.836326697390085,-50.0,-0.3788989904261717,42.20075296031941,29.750634553339392,0.6773989701807028,27.06890458945015,32.16593558076321,0,0,1,1,3.067868709564209,0.07754799723625183,-0.4204983115196228,3.0,0.0,0.0,-0.11596075782619175,0.4007039153284825,-0.32418030285338445,0.07431232469633804,0.4478787000790642,-0.346831083505953,1.5205382096464783,-0.0060361273819615315,0.34962251219414575,-1.2775031918166013,0.25596630589552166,1.0444769627749482,-1.8290719649598608,-5.074426519099284,-6.825393701343153,8.376264217956399,2.2850945929444384,-3.423605898483883,8.316663078546982,-4.587000014456916,-0.016869700645539457,5.642986061676929,-11.592107185528418,0.847501191223257,5.231906489489135,-2.553473060984892
28.66499999999858,6.845427371400395,20.0248388128853,-14.990645885831212,4.436011276480148,16.623822346746273,-27.817638664737927,-46.17824012284695,8.42669508273195,48.90382742725771,40.840115506669946,-7.242634465048499,30.998815726708372,42.93736375646034,0,1,1,1,2.767775535583496,0.06956636160612106,-0.06797805428504944,3.0,0.0,0.0,-0.1409227902400887,0.367967690394304,-0.28507782873834686,0.08638768719127542,0.43092239164475576,-0.31097964594071115,1.4945975963982092,-0.00587194123343931,0.378562196036465,-1.3356005248236618,0.26037128876891685,1.0701666323449364,-1.8419774490921796,-4.992406482779388,-6.5472449868356986,7.820494823007521,2.415072498987475,-3.391261686861685,7.170287513048369,-5.188122649653842,0.03283722970444437,5.787936768463856,-11.61946660141208,0.8809965746790412,5.13793391399762,-2.5810968264637597
28.66999999999858,4.756730703877572,13.574331436704982,-17.658610959466877,4.076714340730971,15.449505677831699,-24.596371560696667,-45.63370860444432,8.065403841896075,47.99897499679611,41.10381834847493,-7.286128042774999,30.056852029539556,42.35492195387411,0,0,1,1,2.767775535583496,0.06956636160612106,-0.06797805428504944,3.0,0.0,0.0,-0.159501887411938,0.3523347901649132,-0.2419979352803452,0.09859813880003807,0.4177266111628527,-0.28481656847705117,1.4689016509447732,-0.004867316056392809,0.407928610077381,-1.3909008449286715,0.2646194928326453,1.0965615300512048,-1.852753335798865,-3.7158194343698603,-3.1265800458781543,8.615978691600333,2.44209032175253,-2.6391560963806087,5.23261549273199,-5.139189090687208,0.20092503540930023,5.8732828081832045,-11.060064021001953,0.8496408127456857,5.278979541253676,-2.155177341337078
28.67499999999858,4.218105865609106,12.353303032666973,-16.187570242528004,3.8920708832183015,13.979665770043106,-21.702585187642104,-43.82388962568186,7.921540830046376,46.64674551938571,41.13245713599507,-7.333608659136698,29.061780537561518,41.48693585023704,0,0,1,1,2.767775535583496,0.06956636160612106,-0.06797805428504944,3.0,0.0,0.0,-0.1757207439542233,0.3404944803114584,-0.20491342547737626,0.11052478374360919,0.4087654999040936,-0.26700140468314665,1.4404588340973923,-0.0035832852736438657,0.4387493044156794,-1.4430155904099045,0.2687295216370055,1.1237451314029352,-1.8608530265730698,-3.2437713084570605,-2.368061970690965,7.416901960593784,2.385328988714226,-1.7922222517518231,3.563032758780901,-5.688563369476176,0.2568061565497886,6.164138867659677,-10.42294909624661,0.8220057608720331,5.436720270346064,-1.6199381548409812
28.67999999999858,3.6903353615108436,11.187914923783861,-14.77775080012567,3.72086024843638,12.579950905899526,-19.018673675110342,-42.03897976493677,7.807952282150184,45.23097471635177,40.92990518670727,-7.353825075144298,28.00314000671642,40.41971393666003,0,0,1,1,2.767775535583496,0.06956636160612106,-0.06797805428504944,3.0,0.0,0.0,-0.18974373716084886,0.33209274894087293,-0.17332757964494042,0.12215270988998654,0.40362495957618755,-0.25654927761248775,1.4094893362157512,-0.0021075185418891174,0.4710882421529813,-1.4915881698056819,0.2726453520787741,1.1518206162771405,-1.865965154563905,-2.8045986413251103,-1.6803462741170903,6.31716916648717,2.3255852292754695,-1.0281080655812072,2.0904254141317846,-6.193899576328203,0.29515334635094964,6.467787547460376,-9.714515879155492,0.783166088353725,5.615096974841045,-1.0224255981670343
28.684999999998578,5.488502731305398,22.85122085540328,-22.047986926235673,3.4977631705407912,28.067144478151064,-28.003645163448617,-32.7311967067233,10.264046924070914,50.0,47.9802075200851,-15.728048723874014,20.610893131996505,48.4955090581349,1,0,1,1,2.7339987754821777,0.024941593408584595,0.08197835832834244,3.0,0.0,0.0,-0.20173219912719947,0.3267761944674202,-0.14676418135552063,0.13346512476063455,0.4018663240190449,-0.25251064116322797,1.3761815147459504,-0.0004987351753830682,0.5049345283225866,-1.53653427691167,0.2763465146440079,1.1807626349765354,-1.868004021803785,-2.397692393270126,-1.0633108946905554,5.312679657883956,2.2624829741296004,-0.35172711142853663,0.8077272898519601,-6.661564293960166,0.32175667330120983,6.769257233921055,-8.98922142119764,0.7402325130467583,5.788403739879009,-0.4077734479759786
28.689999999998577,5.069267246357018,20.79264270135503,-19.32966804392285,2.777916276885926,21.015389450501765,-27.290655518149936,-32.336823039195636,10.501894420198772,50.0,47.41251973758882,-15.210783296146067,20.41062868372773,46.42115452800447,0,0,1,1,2.7339987754821777,0.024941593408584595,0.08197835832834244,3.0,0.0,0.0,-0.21202902101329799,0.3266160917960487,-0.1281593803356263,0.14580586085925587,0.41680350238326186,-0.25038719425874506,1.3439050388507787,0.0004557727080864878,0.5398469292374637,-1.5775007594055501,0.27861286664016216,1.2084733924542455,-1.865042121488071,-2.059364377219705,-0.0320205342742903,3.7209602039788683,2.4681472197242673,2.9874356728433993,0.4246893808965851,-6.4552951790343505,0.1909015766939112,6.982480182975426,-8.193296498776002,0.45327039923085677,5.5421514955420195,0.5923800631428106
28.694999999998576,4.347938788892019,18.576585809599084,-16.902058093423335,2.7136534297135926,18.47058269991394,-23.3304462811016,-30.75686803189146,10.568818099988766,50.0,46.86373269461106,-14.960809032609514,19.892182568749867,44.60620389654756,0,0,1,1,2.7339987754821777,0.024941593408584595,0.08197835832834244,3.0,0.0,0.0,-0.22002290406500247,0.3316796584388896,-0.11636100278866578,0.15757187800424616,0.436849803786261,-0.25770679537699254,1.3098096379910777,0.001196665587140207,0.5762359186996547,-1.6147661851810189,0.2801577290752802,1.235773978586156,-1.857983978528677,-1.5987766103408991,1.0127133285681755,2.359675509392103,2.353203428998055,4.009260280599823,-1.4639202236494901,-6.819080171940177,0.14817857581074384,7.277797892438218,-7.453085155093756,0.3089724870236057,5.460117226382072,1.411628591878838
28.699999999998575,3.65608412350812,16.502000733905774,-14.66352000006747,2.65533208416433,16.118494716879816,-19.715311084209777,-29.271133591288446,10.643663715576317,50.0,46.342157888493915,-14.725444730414026,19.350168570585808,42.7883704058612,0,0,1,1,2.7339987754821777,0.024941593408584595,0.08197835832834244,3.0,0.0,0.0,-0.22591866537158575,0.341326744869077,-0.11052379590530498,0.1687830031890588,0.46125123565504633,-0.27310203218685325,1.2742240032040582,0.0017178692013377049,0.6143031911319614,-1.6486122922494197,0.2810579188914019,1.262743974941281,-1.8470637651770438,-1.1791522613166585,1.9294172860374879,1.1674413766721605,2.242225036962528,4.8802863737570705,-3.079047361972142,-7.11712695740394,0.10424072283949955,7.613454486461345,-6.769221413680174,0.18003796322434035,5.393999271025037,2.1840426703266056
28.704999999998574,0.14959996404590914,22.91957223323362,-21.466401588116092,3.128273587532398,26.279315196914993,-19.170172092649338,-19.903547533553716,10.871340596912333,50.0,50.0,-11.952043707168922,11.817231312952408,41.37269905956733,0,0,1,1,2.8013079166412354,-0.0024060681462287903,0.22388941049575806,3.0,0.0,0.0,-0.22990387904065024,0.3549593323979091,-0.10983285940825521,0.17946282786025516,0.4893138222063177,-0.29532233871566066,1.237469820386153,0.0020146062312783814,0.6542421351080562,-1.6792993307059487,0.2814119299604228,1.2894640285626604,-1.832493411833367,-0.7970427338128954,2.7265175057664286,0.13818729940995333,2.135964934239271,5.612517310254275,-4.444061305761485,-7.35083656358106,0.05934740598813525,7.987788795218948,-6.137407691305795,0.07080221380417463,5.344010724275879,2.914070668735382
28.709999999998573,-0.2751156043816494,20.291521200076993,-18.246916267009873,2.9912089053296347,23.08088585255937,-15.681543737005887,-18.70570951560196,10.864202850297191,50.0,50.0,-11.940370405648773,11.630598870680675,39.380585963306615,0,0,1,1,2.8013079166412354,-0.0024060681462287903,0.22388941049575806,3.0,0.0,0.0,-0.23265533762699903,0.37397365250306086,-0.11675782581363477,0.18983693268538765,0.5232513844765864,-0.3244441056972287,1.2000592059270614,0.0023106828397287636,0.6958604971613783,-1.7066898172689609,0.28171765025710094,1.3150514494822452,-1.8140928131657634,-0.5502917172697562,3.802864021030346,-1.3849932810759105,2.074820965026496,6.787512454053726,-5.824353396313611,-7.482122891818293,0.05921532169007648,8.323672410664432,-5.478097312602432,0.06114405933562288,5.117484183916938,3.6801197335206943
28.71499999999857,-0.6663692217775459,17.845096862530898,-15.31534924737727,2.854811114966262,20.09541398720026,-12.544543480857937,-17.637888822833943,10.84947891507317,49.32341522240148,49.92289848647217,-11.932177246292218,11.332569218853527,37.16744250933045,0,0,0,1,2.8013079166412354,-0.0024060681462287903,0.22388941049575806,3.0,0.0,0.0,-0.2343243489614546,0.39762577574919444,-0.13017324600606872,0.1999217320275438,0.5622172592376842,-0.35923400463552324,1.1623366965708153,0.002623987730562117,0.7393471010507716,-1.7309997972295383,0.28198610898490023,1.3398349742343887,-1.791567206292781,-0.33380226689111325,4.7304246492267215,-2.683084038486788,2.0169598684312304,7.79317495221956,-6.9579797876589025,-7.544501871249223,0.06266097816667061,8.697320777878666,-4.8619959921155145,0.05369174555985551,4.956704950428718,4.505121374596499
28.71999999999857,-1.149045465031271,15.585792196355186,-12.661404559424309,2.4536426204463924,17.028781388950474,-9.761411431544422,-16.454643992218944,10.343016504187815,47.332883915160565,49.198259165434,-10.659260507608746,9.16265183608301,31.365241258420127,0,0,1,0,2.8013079166412354,-0.0024060681462287903,0.22388941049575806,3.0,0.0,0.0,-0.23475947435093342,0.42520260860714537,-0.14904409957060175,0.2103572337484434,0.6061066298322463,-0.3985259849287734,1.1240490528693718,0.004110539182841404,0.7849592724931205,-1.752174744672345,0.279243677814162,1.3682663325488074,-1.7567143968807732,-0.08702507789576547,5.5153665715901905,-3.7741707129066064,2.0871003441799205,8.777874118912427,-7.858396058650034,-7.657528740288681,0.2973102904558575,9.122434288469762,-4.234989488561347,-0.5484862341476529,5.686271662883743,6.970561882401562
28.72499999999857,-3.2799897074850426,10.09884870170534,-24.309117326208913,-1.1947440756669616,14.828501859916283,-13.86456182101077,-8.155893878148987,2.029644832067063,31.995836715601868,38.287467102912814,-5.570370976897877,1.0724938034892428,20.05844330330546,0,0,1,1,2.9183788299560547,0.013528786599636078,0.2897101044654846,3.0,0.0,0.0,-0.23535991351640567,0.4572025021842486,-0.1723698342637031,0.2201108897119739,0.6532978563351965,-0.44140488630023555,1.0847613454006324,0.008419500624141221,0.8429009272981521,-1.757217641455086,0.2769768291443359,1.392731254588838,-1.7237068682046066,-0.12008783309445296,6.399978715420655,-4.665146938620269,1.9507311927061037,9.43824530059006,-8.575780274292429,-7.857541493747895,0.8617922882599636,11.588330961006342,-1.008579356548168,-0.4533697339652114,4.89298440800611,6.601505735233313
28.72999999999857,-3.320327962345431,8.52828612698018,-20.1554596845571,-1.0222252026882543,12.439928520176558,-10.686961607679251,-7.732177437826294,2.9312600638455075,32.46487887731057,40.447297911617966,-6.11114300659416,1.4014491609367248,19.04669207102455,0,0,1,1,2.9183788299560547,0.013528786599636078,0.2897101044654846,3.0,0.0,0.0,-0.23583011919011984,0.4910154904326403,-0.204096779014038,0.22888487444711156,0.7033333009020668,-0.4892382057400388,1.0467876996881182,0.010353546141180005,0.8963306208518086,-1.7670458520946188,0.2761157292896673,1.4149830509619314,-1.6902603677275536,-0.09404113474283185,6.762597649678339,-6.345388950066986,1.7547969470275293,10.007088913374044,-9.566663887960647,-7.594729142502814,0.38680910340775676,10.685938710731289,-1.9656421279065808,-0.17221997093371272,4.450359274618701,6.689300095410606
28.734999999998568,-3.2990854231614084,7.014355822915624,-16.405976176025536,-0.8804372266972513,10.177168785319058,-7.864432595583686,-7.2267670263699735,3.383387921648624,31.873710798924357,41.108640637618194,-6.364393113211668,1.4517503787559907,17.40621023272176,0,0,0,1,2.9183788299560547,0.013528786599636078,0.2897101044654846,3.0,0.0,0.0,-0.23632264815169557,0.5264016683230432,-0.2427797470344275,0.2368091236660858,0.7557496245764329,-0.540899045241255,1.0098585968729137,0.011109994021209175,0.9480083749690998,-1.7778520332282974,0.27590116497143224,1.4358075623299742,-1.6549213511884384,-0.09850579231514654,7.07723557808058,-7.7365936040779,1.5848498437948497,10.483264734873215,-10.332167900243228,-7.385820563040918,0.15128957600583376,10.335550823458252,-2.1612362267357144,-0.042912863647020405,4.164902273608534,7.067803307823061
28.739999999998567,-3.3210092876317234,5.613534690895554,-13.037571699590046,-0.8981715175561313,7.941384119106676,-5.379498569719381,-6.60615208502883,3.2951829042826706,30.77055452059857,40.94993669705949,-5.7284815553127295,0.5710612109579518,14.037211096030841,0,0,0,1,2.9183788299560547,0.013528786599636078,0.2897101044654846,3.0,0.0,0.0,-0.23673461925795433,0.5630023560599402,-0.2871129039393482,0.24430896832125892,0.810343304896336,-0.5953679154209038,0.9736415237730949,0.012029486184450638,0.9992419230284935,-1.7876491356116215,0.2742029595945076,1.4574793122476568,-1.6137340435358807,-0.08239422125175465,7.320137547379402,-8.866631380984135,1.4999689310346258,10.918736063980619,-10.893774035929768,-7.2434146199637555,0.18389843264829242,10.24670961187873,-1.95942047666481,-0.3396410753849314,4.33434998353652,8.237461530511549
28.744999999998566,-3.169720995602418,-3.8368383958689094,-17.25423418267708,-0.3175593028108028,-4.0145549336228825,-13.582552015981022,-2.540670380989095,-0.12438849814476088,16.285008088949066,38.99485279182869,-13.278276449482876,0.3831251998004319,-0.1301795955891265,0,0,0,1,3.033383846282959,0.06297527253627777,0.3501907289028168,3.0,0.0,0.0,-0.23717738537009,0.6004861624416459,-0.33592861975133015,0.2513746333713018,0.866543540453228,-0.6517662949549654,0.9381890137238776,0.01338388277299375,1.050665411288839,-1.795319604919167,0.27118125235097795,1.4797271869620237,-1.5678071793090538,-0.0885532224271347,7.4967612763411315,-9.763143162396396,1.413133010008567,11.240047111378408,-11.279675906812304,-7.090502009843444,0.27087931770862256,10.284697652069093,-1.5340938615091058,-0.6043414487059209,4.449574942873378,9.185372845365393
28.749999999998565,-2.936428937835441,-4.23428170684349,-13.593705986262087,-0.4678584131502186,-4.895678572929398,-10.260424245264058,-2.0645934771637116,-0.15038668654458592,15.682520335650661,37.48760644809705,-11.50760949892437,-0.38277969636036246,-1.2813913809116748,0,0,0,1,3.033383846282959,0.06297527253627777,0.3501907289028168,3.0,0.0,0.0,-0.2381430289056694,0.6367001997678973,-0.3904858303894661,0.25837831603096423,0.921511111893377,-0.7126638939769456,0.9037017644920841,0.014719781181975092,1.1004816067181016,-1.7989924081645472,0.2641710174145771,1.502468492331218,-1.52187316171834,-0.19312870711588087,7.242807465250279,-10.911442127627193,1.4007365319324943,10.993514288029802,-12.179519804396035,-6.8974498463587155,0.26717968179626833,9.963239085852512,-0.7345606490760334,-1.4020469872801646,4.548261073838846,9.186803518142746
28.754999999998564,-2.7055742939279703,-4.540077832409327,-10.31738559549785,-0.6048647553569344,-5.63867315192142,-7.306630968981054,-1.6188581406971672,-0.2114587164543263,14.961936304892031,35.871530048989634,-9.86337017318575,-1.0573454638905435,-2.27564742412539,0,0,0,1,3.033383846282959,0.06297527253627777,0.3501907289028168,3.0,0.0,0.0,-0.23959505727776173,0.6715035198998182,-0.4495427824977452,0.26529238522172116,0.9749935193170278,-0.7769293831182987,0.8701943879528277,0.01612079622550986,1.1490629295474277,-1.798646631456417,0.2537043508256384,1.5254592874258246,-1.4763017191783419,-0.29040567441846227,6.960664026384187,-11.811390421655824,1.3828138381513906,10.696481484730178,-12.85309782827062,-6.7014753078512825,0.2802030087069539,9.71626456586525,0.06915534162604386,-2.0933333177877396,4.598159018921353,9.114288507999625
28.759999999998563,-2.481211297702767,-4.760126264502567,-7.400141350298437,-0.7356287059824571,-6.259851334804733,-4.695594816099032,-1.181698003460255,-0.24018751665343446,14.097781696755082,34.133498409036086,-8.343335026415824,-1.6421597270583623,-3.1241097876847306,0,0,0,0,3.033383846282959,0.06297527253627777,0.3501907289028168,3.0,0.0,0.0,-0.24148958514849614,0.704777346923022,-0.5119899003530654,0.2721074243439054,1.026791498499013,-0.8435581638463535,0.837629421475323,0.017506995796364017,1.196819832464763,-1.794231708342992,0.24027681722011981,1.5484737163693787,-1.4314145676970276,-0.37890557414688386,6.654765404640759,-12.489423571064028,1.363007824436849,10.35959583639702,-13.325756145610947,-6.512993295500931,0.27723991417083105,9.551380583467035,0.882984622685005,-2.685506721103721,4.602885788710837,8.977430296262867
28.76499999999856,-0.563316067142571,-11.072715086506268,-10.11158091193392,-4.739748243319829,-18.084666845893157,-7.635570729330254,-3.7512127322895044,-0.5749259242241389,-2.490261936345348,24.80576070622348,-3.9872209358593462,2.8967530340313967,-17.616066256673975,0,0,0,0,3.0781607627868652,0.10767626762390137,0.3143923878669739,3.0,0.0,0.0,-0.24421418938636266,0.7369129707559507,-0.5768025106760682,0.278858690006921,1.0768575559467757,-0.9116494676584657,0.8054036005932,0.019069778766265262,1.2481812868876598,-1.7784000074695665,0.22437069090652778,1.5713678321544031,-1.387512136061238,-0.5449208475733021,6.427124766585757,-12.962522064600588,1.3502531326031224,10.01321148955255,-13.618260762422427,-6.4451641764245915,0.31255659398024865,10.272290884579368,3.1663401746851028,-3.1812252627184066,4.578823157004885,8.780486327157918
28.76999999999856,-0.31166423393670417,-10.744280047518654,-7.14739474157691,-4.588186990843869,-17.486082293013215,-4.980056416746493,-2.8911736556834082,-0.5342226884597304,-3.381871432972602,20.81713100281965,-2.9365806972569413,1.9853907866657856,-16.211449929636,0,0,0,1,3.0781607627868652,0.10767626762390137,0.3143923878669739,3.0,0.0,0.0,-0.247370644747192,0.7663854754481482,-0.6447771702044405,0.28485620768393344,1.1225701169496585,-0.981983669628886,0.7730497948768347,0.02044486100672665,1.2986193839836269,-1.7541145720512747,0.2069281244029061,1.5950596170046982,-1.3494971799970548,-0.6312910721658687,5.8945009384394815,-13.59493190567444,1.1995035354024868,9.142512200576544,-14.066840394084053,-6.470761143273072,0.2750164480922771,10.087619419193407,4.857087083658372,-3.488513300724338,4.738356970059002,7.602991212836642
28.77499999999856,-0.30929458866794435,-10.105325256055458,-4.504241852130942,-4.401648967418076,-16.755333290605538,-2.6274142158228777,-2.272768402988131,-0.38093271098209786,-2.3014995225541544,20.929963609441543,-1.9669768709997406,1.2313884872967513,-14.874155565149806,0,0,0,0,3.0781607627868652,0.10767626762390137,0.3143923878669739,3.0,0.0,0.0,-0.2503470018991932,0.7926208803550088,-0.7149725036180754,0.29006201720717856,1.1638742943584712,-1.0537161943091018,0.7411440830197961,0.02137837375662529,1.34354848263767,-1.7315231801437574,0.18823017045536286,1.6191318905093737,-1.3168649727942616,-0.5952714304002339,5.247080981372126,-14.039066682726988,1.0411619046490266,8.260835481762545,-14.346504936043162,-6.381142371407728,0.1867025499797278,8.985819730808643,4.518278381503457,-3.7395907895086475,4.814454700935076,6.5264414405586315
28.77999999999856,-0.11531597568939889,-9.647939458372214,-2.1927376739634923,-4.2182337669349295,-16.0097439659956,-0.5697439142674021,-1.4578546571387179,-0.3386593245789007,-3.0595456708045994,17.33496679164955,-1.1557930504206197,0.4747497378171097,-13.58540060979337,0,0,0,0,3.0781607627868652,0.10767626762390137,0.3143923878669739,3.0,0.0,0.0,-0.25360469948455555,0.8162368242727994,-0.7864775331324788,0.29453003746321366,1.2009944864500364,-1.1260707358941413,0.7091977336347023,0.022157507200287075,1.3876183311314765,-1.7018018776007011,0.1687234283386654,1.6435684743949026,-1.2891846717924715,-0.6515395170724769,4.723188783558121,-14.301005902880672,0.8936040512070147,7.424038418313013,-14.470908317007908,-6.389269877018762,0.1558266887323569,8.813969698761285,5.944260508611251,-3.90134842333949,4.887316777105785,5.536060200358037
28.784999999998558,1.2452768004607704,-15.402731572323155,-2.3108155433354014,-7.511485939658596,-24.0749904818885,3.781362795208569,-3.700172320174225,-3.1945461649909697,-16.330923695693805,-1.5856111226976726,10.115233865188332,-18.110662543035946,-27.09847539104539,0,0,0,0,3.0733394622802734,0.09181875735521317,0.20269839465618134,3.0,0.0,0.0,-0.25707016399441185,0.8372587618085082,-0.8585331130725644,0.2982739594342409,1.2340399622275717,-1.1983877143214117,0.6772505803406561,0.02278221805560536,1.4306224684298874,-1.6661453840434564,0.14870734069663563,1.6681662264533776,-1.2660174501102543,-0.6930929019712649,4.204387507141766,-14.411115988017132,0.7487843942054447,6.609095155507091,-14.463395685454085,-6.389430658809227,0.12494217106365735,8.600827459682172,7.131298711448964,-4.003217528405955,4.919550411695021,4.633444336443454
28.789999999998557,1.3421601347562597,-14.24853281363843,-0.29624228481258186,-7.026118984788318,-22.33835051550948,4.917287963678735,-2.41853558753467,-2.794951289278991,-15.245711054881648,-2.362019431174403,9.264084466534907,-16.437844878382784,-23.923451506901902,0,0,0,0,3.0733394622802734,0.09181875735521317,0.20269839465618134,3.0,0.0,0.0,-0.26055973843732483,0.8543283529981525,-0.9310903018597576,0.30065561080727765,1.2610553748031839,-1.2691235179434783,0.6441670555165196,0.02242995797658262,1.4685435090853043,-1.6307594882049277,0.13187137444214508,1.6873810103562878,-1.2516836506073286,-0.6979148885825973,3.4139182379288497,-14.511437757438628,0.47633027460734667,5.40308251512243,-14.147160724413336,-6.616704964827298,-0.07045201580454785,7.584208131083383,7.0771791677057205,-3.3671932508981106,3.8429567805820626,2.866759900585137
28.794999999998556,1.407384990326324,-13.071880518465331,1.4574758430648274,-6.535039339678025,-20.59754531888874,5.87026191278558,-1.197327939806696,-2.402788464345548,-14.193079103926257,-3.0107642562298516,8.432551317474749,-14.850954238754042,-20.980275067889515,0,0,0,0,3.0733394622802734,0.09181875735521317,0.20269839465618134,3.0,0.0,0.0,-0.2639975140437607,0.8676252569527044,-1.003505816313298,0.30174168352281744,1.2823856332352406,-1.3379406835856749,0.6101561906285606,0.02117568302001194,1.501757119229331,-1.5959286572391231,0.11798230772982493,1.7017316525246065,-1.2451181368140158,-0.6875551212871811,2.6593807909104017,-14.483102890708079,0.21721454310795257,4.266051686411353,-13.763433128439301,-6.802172977591797,-0.25085499131413586,6.642722028805352,6.966166193160888,-2.7778133424640297,2.8701284336637087,1.3131027586625341
28.799999999998555,1.4421727647462133,-11.885082016255481,2.970460521394699,-6.032885763497153,-18.867911905039158,6.655627011064318,-0.04402680627984523,-2.022578303981754,-13.18188569787355,-3.5440959449856138,7.62963903711073,-13.349380856748368,-18.250561409200575,0,0,0,0,3.0733394622802734,0.09181875735521317,0.20269839465618134,3.0,0.0,0.0,-0.2673149211425707,0.8773475230223773,-1.075221558571524,0.3015823317817234,1.2983914449034126,-1.4045576985389863,0.5754323151257126,0.01910057680120708,1.5306377089977028,-1.5618918005918818,0.10679945030732131,1.7117050254312458,-1.245361685381931,-0.6634814197620006,1.9444532139345654,-14.34314845164519,-0.03187034821880777,3.2011623336344104,-13.323402990662277,-6.944775100569623,-0.41502124376097194,5.776117953674352,6.8073713294482525,-2.236571484500725,1.9946745813278803,-0.04870971358299592
28.804999999998554,4.683910336230431,-7.871216321806095,-0.605560712320905,-2.4899413188366193,-16.406443563381913,7.267936442326967,0.6022867946970507,-1.549077694382048,-20.72472745104998,-15.730557124191604,15.184367210326126,-22.586742203278305,-20.22957902764614,0,0,0,0,3.0510921478271484,0.05298945680260658,0.0599602647125721,3.0,0.0,0.0,-0.2704518382424215,0.8837091644705358,-1.1457576382206078,0.30024020702245685,1.309442891670792,-1.4687437901367544,0.5402098791808351,0.016289567506215952,1.5555509137584513,-1.5288465462278857,0.09808254383366523,1.7177570362173695,-1.2515226049387862,-0.6273834199701671,1.2723282896317172,-14.107215929816768,-0.2684249518533067,2.2102893534759005,-12.837218319553617,-7.044487188975495,-0.5622018589982258,4.982640952149693,6.609050872799217,-1.7433812947312173,1.2104021572247228,-1.2321839113710429
28.809999999998553,4.276828674928357,-7.045713399987147,1.2011809750031155,-2.3899664779191934,-14.814373644320359,7.76601521686737,1.9057997871500376,-1.2147994137606948,-18.762944207465456,-14.42895086052304,13.30621795264151,-19.876797453911983,-17.315240036300036,0,0,0,0,3.0510921478271484,0.05298945680260658,0.0599602647125721,3.0,0.0,0.0,-0.2724463916039233,0.887754231899817,-1.2163956936252138,0.2987417958586356,1.316098206465828,-1.530326179345337,0.503992261838708,0.012857374568291707,1.5743826753130745,-1.5008077333292271,0.09429757128830565,1.717076705782271,-1.2641783856778173,-0.3989106723003578,0.8090134858562288,-14.127611080921202,-0.2996822327642539,1.3310629590071752,-12.316477841716535,-7.2435234684254,-0.6864385875848493,3.766352310924643,5.607762579731702,-0.7569945090719153,-0.13606608701970724,-2.5311561478062052
28.81499999999855,3.8779883568973563,-6.227722217389047,2.7598558840712357,-2.268212620508037,-13.275235159680786,8.139141152061264,3.0950051581001645,-0.8953108760083559,-16.931661133623535,-13.174833062139868,11.560486743663215,-17.347820702535778,-14.640267444572421,0,0,0,0,3.0510921478271484,0.05298945680260658,0.0599602647125721,3.0,0.0,0.0,-0.2733851704899697,0.8896366690506743,-1.286546039674415,0.29704504686348343,1.3187405298384745,-1.5891640184479887,0.4671069622909412,0.008875337596710442,1.5877977848377978,-1.4773691277737442,0.09484284703144558,1.7104858612518812,-1.2823837618833231,-0.18775577720927764,0.3764874301714625,-14.030069209840248,-0.33934979903043005,0.528464674529308,-11.767567820530337,-7.377059909553378,-0.7964073943162531,2.683021904944641,4.68772111109658,0.10905514862798371,-1.318168906077939,-3.6410752411011904
28.81999999999855,3.4804421805415475,-5.4169961129810575,4.089734601031456,-2.1305571888813954,-11.787171681628461,8.399513145003699,4.167615792582014,-0.594239806943325,-15.227228789919721,-11.973639261309794,9.944933652744085,-14.996572280744644,-12.196457260428879,0,0,0,0,3.0510921478271484,0.05298945680260658,0.0599602647125721,3.0,0.0,0.0,-0.27333332432070556,0.8895007837705212,-1.3556990211723932,0.29512421149951285,1.3177260965937834,-1.645153448175055,0.4298675965177915,0.004419135578598591,1.5964133412288224,-1.4581356020764193,0.09915734912126933,1.6987503642308295,-1.3052683752159018,0.01036923385282526,-0.02717705603061915,-13.830596299595632,-0.3841670727941185,-0.20288664893821684,-11.197885945413226,-7.447873154629932,-0.8912404036223702,1.7231112782049265,3.846705139464982,0.8629004179647513,-2.3470994042103577,-4.576922666515728
28.82499999999855,7.403460310589777,0.13979896846588857,5.734661788066038,-3.7126328283840597,-8.880404781950515,9.479016051808324,13.128463030042562,-2.938925639289434,-20.85731895347603,-10.539878079086323,4.171471225647981,-15.18545639548595,-8.95323138747829,0,0,0,0,3.0384931564331055,0.028270505368709564,-0.09806934744119644,3.0,0.0,0.0,-0.27236111292121046,0.8875037628646321,-1.423419886923461,0.29296280984889683,1.3134082553667916,-1.6982249338542343,0.39256838101062996,-0.00043544546821954085,1.6007996675820104,-1.4427260276407294,0.10672015784593153,1.6825814788225635,-1.3320353859593994,0.19444227989902238,-0.39940418117782933,-13.544173150213602,-0.4322803301231992,-0.8635682453983676,-10.614297135835898,-7.459843101432308,-0.9709162093636263,0.8772652706376226,3.081914887137965,1.512561744932439,-3.233777081653182,-5.353402148699514
28.82999999999855,6.523890678341,0.4345030105413422,6.636426035046995,-3.3238905106641043,-7.64955686235732,9.437531220265381,13.521983026271972,-2.238217653719845,-18.600713378701904,-9.53888981645052,3.3215371926540302,-12.998456729345126,-7.106363422872372,0,0,0,0,3.0384931564331055,0.028270505368709564,-0.09806934744119644,3.0,0.0,0.0,-0.26937651482227676,0.8849307925012647,-1.4892789705644214,0.29001386166544657,1.306448292048227,-1.7480769560663023,0.35653730760099694,-0.006653187595976816,1.599618314562013,-1.4305781652603997,0.11583794025265819,1.662217822753276,-1.3615734383405875,0.5969196197867396,-0.5145940726734644,-13.171816728192077,-0.5897896366900484,-1.391992663712907,-9.970404442413576,-7.2062146819266,-1.243548425551455,-0.2362706039994752,2.4295724760659425,1.8235564813453313,-4.0727312138575,-5.907610476237623
28.834999999998548,5.686679785168077,0.7098128222988301,7.362258621707291,-2.9463274868389053,-6.4875140866362795,9.324885456838592,13.788412396397725,-1.6009368525181054,-16.505028757479852,-8.586962659408725,2.5528851250162985,-10.981380252786995,-5.444348300577321,0,0,0,0,3.0384931564331055,0.028270505368709564,-0.09806934744119644,3.0,0.0,0.0,-0.2645975733334617,0.881861385543372,-1.552971831842173,0.28634999743672823,1.2971635200408227,-1.7947314575284208,0.32199881646222295,-0.014004664424928934,1.5935754302579637,-1.4213847116248937,0.12622797561813676,1.6383059665079274,-1.3932845820459294,0.9557882977630121,-0.6138813915785495,-12.738572255550329,-0.7327728457436685,-1.8569544014808743,-9.330900292423701,-6.907698227754802,-1.4702953657904236,-1.208576860809883,1.838690727101219,2.078007073095715,-4.782371249069708,-6.342228741068373
28.839999999998547,4.895494595879769,0.9625076628721314,7.9294229490437935,-2.581747422135953,-5.396493977379601,9.151091468815263,13.936091613000508,-1.0258068747554088,-14.564063197468641,-7.686457083901455,1.8622613410907185,-9.128469187202288,-3.956665730243163,0,0,0,0,3.0384931564331055,0.028270505368709564,-0.09806934744119644,3.0,0.0,0.0,-0.2582381338397809,0.878377955840477,-1.6142525585208487,0.2820438191868687,1.2858578049532499,-1.838232649520948,0.28914452076313496,-0.02227694844691374,1.5833210319482438,-1.4148508860279638,0.13763182957135325,1.6114408992991647,-1.4266307939340963,1.2718878987361566,-0.6966859405790119,-12.256145335735134,-0.8612356499719009,-2.261143017514553,-8.700238398505446,-6.5708591398175935,-1.6544568043969616,-2.0508796619439913,1.3067651193859608,2.2807707906432992,-5.373013441752526,-6.669242377633367
28.844999999998546,11.023082775149312,9.508887282033072,12.699253870059898,-11.17405980987171,-3.666585769167396,13.366362687445317,26.554724358032583,-5.691114700419993,-22.740064090857196,-11.730324838739781,-3.2383192657423523,-6.3141316259666525,-1.8864018719594569,0,0,0,0,3.0260090827941895,0.01414778083562851,-0.2010042369365692,3.0,0.0,0.0,-0.2505045425963857,0.874562686619946,-1.6729281322198193,0.27716761272267076,1.2728207412223906,-1.8786437604914983,0.2581344551056506,-0.031273606911290816,1.569450652168651,-1.410696106869096,0.14981551749928324,1.5821689091222157,-1.4611308113497652,1.5467182486790325,-0.7630538441062077,-11.73511473979411,-0.9752412928395945,-2.607412746171839,-8.082222194110074,-6.202013131496878,-1.799331692875415,-2.7740759559185326,0.8309558317735839,2.436737585585996,-5.854398035389806,-6.900003483133772
28.849999999998545,9.519221584346923,8.869676348703438,12.441137765281349,-9.724868769364154,-2.8287614743254146,12.493030503760355,25.66932828927869,-4.36034489988101,-20.093021823996956,-10.323136740895967,-3.234296021051146,-5.057046059296141,-0.829821564236136,0,0,0,0,3.0260090827941895,0.01414778083562851,-0.2010042369365692,3.0,0.0,0.0,-0.23968737156541994,0.8724758707261041,-1.7275448695723126,0.26916838066105486,1.2585792123113655,-1.914622848031581,0.2310317958250862,-0.04287227323197273,1.5501678423364222,-1.4100967573027352,0.1612730514439439,1.5516609523282154,-1.4960874872885672,2.163434206193155,-0.4173631787683669,-10.923347470498669,-1.5998464123231748,-2.8483057822050153,-7.1958175080165585,-5.420531856112877,-2.3197332641363824,-3.856561966445792,0.11986991327216712,2.2915067889321343,-6.101591358800059,-6.991335187760407
28.854999999998544,8.116266125495622,8.240008145227407,12.110240598507481,-8.371210973486935,-2.0567701820198856,11.631419689906888,24.685216116895717,-3.1706167960916707,-17.627180147761273,-9.014215425102645,-3.2079228394647137,-3.9172731965639613,0.09513988033374865,0,0,0,0,3.0260090827941895,0.01414778083562851,-0.2010042369365692,3.0,0.0,0.0,-0.22620543304486088,0.8719933809518436,-1.7781702760998972,0.25845461449511703,1.243358970295564,-1.9464581990955332,0.20783896867251495,-0.05658802530741298,1.5262173350208286,-1.4126124784539094,0.1719945582587153,1.5202657627274336,-1.531164268041722,2.6963877041118156,-0.09649795485209522,-10.125081305516927,-2.142753233187561,-3.0440484031602626,-6.367070212790423,-4.63856543051425,-2.7431504150880497,-4.790101463118713,-0.5031442302348172,2.144301362954276,-6.279037920156377,-7.015356150630915
28.859999999998543,6.811864459564725,7.61530882637183,11.718995012467902,-7.1126589439043935,-1.3469505833198374,10.787027614604707,23.617857243497088,-2.1157078492177117,-15.335069339493362,-7.802488563446721,-3.1616912085246556,-2.88887799488338,0.898166366353113,0,0,0,0,3.0260090827941895,0.01414778083562851,-0.2010042369365692,3.0,0.0,0.0,-0.21044736934096786,0.8730091536792587,-1.824897139688119,0.24540977097521666,1.2273638728719862,-1.974434077566777,0.18852185811338584,-0.07197910713576605,1.4982824791749336,-1.4178313380353813,0.18197660789393527,1.4882975955698023,-1.5660671828353248,3.1516127407786025,0.2031545454830041,-9.345372717644365,-2.6089687039800773,-3.199019484715563,-5.595175694248784,-3.8634221118258214,-3.078216365670616,-5.58697116917898,-1.0437719162943806,1.9964099270439972,-6.3936334315262755,-6.980582958720563
28.864999999998542,6.512292094139635,17.070176783892613,16.888492126282188,-12.294874345618627,2.737574739027208,20.135282513830404,37.172511242680066,-5.609613547924386,-20.992088500928602,-11.629140221553413,-7.245181238668681,-2.1978689955011426,2.0269727325845484,0,0,0,0,3.0159318447113037,0.011026725172996521,-0.2114434838294983,3.0,0.0,0.0,-0.1927742568807814,0.8754098111657669,-1.8678386160834866,0.23039168428729542,1.210777578577594,-1.9988290354146656,0.17301634982543537,-0.08864575491112843,1.4669882940438972,-1.4253703491160665,0.19122195689241112,1.4560385526824435,-1.6005416923602294,3.534622492037294,0.4801314973016451,-8.588295279073487,-3.0036173375842474,-3.317258858878457,-4.878991569577703,-3.1011016575900965,-3.333329555072476,-6.25883702620727,-1.5078022161370248,1.8490697996951717,-6.451808577471753,-6.8949019049809355
28.86999999999854,5.271839438420615,15.470696508754843,15.66292286714678,-10.399531990812637,2.980606804420595,17.92578437154689,34.99295925575845,-4.0303350634765,-18.324833796618073,-9.95958631292033,-6.692693212647163,-1.52887427529671,2.5402001780533467,0,0,0,0,3.0159318447113037,0.011026725172996521,-0.2114434838294983,3.0,0.0,0.0,-0.17322202714009055,0.8814327365063341,-1.9053704309046902,0.2117973853932378,1.1945951084995934,-2.016590176583776,0.16355128787659168,-0.10804796101605275,1.4312590499104265,-1.4363942510946714,0.19862349000622012,1.4241029953291542,-1.634195883549478,3.9104459481381673,1.2045850681134411,-7.506362964240738,-3.7188597788115216,-3.236494015600142,-3.5522282338220674,-1.8930123897687414,-3.8804412209848653,-7.145848826694152,-2.204780395721005,1.4803066227618005,-6.387111470657852,-6.730838237849726
28.87499999999854,4.130486116855069,13.925108597393383,14.46277282307331,-8.656227147523317,3.188551314763232,15.86042810256791,32.780934257040734,-2.6428480883783756,-15.833485167972555,-8.430178306412447,-6.160394527658328,-0.9320747628461756,2.965631790803858,0,0,0,0,3.0159318447113037,0.011026725172996521,-0.2114434838294983,3.0,0.0,0.0,-0.15213439133340376,0.8907380495594832,-1.9378706094562383,0.1901949750381499,1.1788752672253748,-2.0284468829335762,0.15984775898054515,-0.12957353611503594,1.3917695292468175,-1.4503682953251418,0.20433717132512544,1.3926417660261747,-1.6668714319928897,4.217527161337356,1.861062610629807,-6.500035710309651,-4.320482071017583,-3.143968254843729,-2.371341269960074,-0.740705779209303,-4.305115019796637,-7.8979041327217985,-2.794808846094067,1.142736263781066,-6.292245860595877,-6.535109688682336
28.87999999999854,3.083289174771785,12.442923832205526,13.29405747972989,-7.05897202166749,3.3708274726579335,13.937518357353815,30.539552906606666,-1.4350235247799183,-13.512101981264593,-7.036079670610348,-5.649289137426502,-0.4045660535391029,3.310754318185934,0,0,0,0,3.0159318447113037,0.011026725172996521,-0.2114434838294983,3.0,0.0,0.0,-0.12982321188691437,0.9029834848217125,-1.9657090943439464,0.16610504734899462,1.163651237419299,-2.035081642450532,0.1616359231970521,-0.15267484106372237,1.349140843477049,-1.4668005690380599,0.20851215282472615,1.361790000307354,-1.6984369423569996,4.46223588929788,2.4490870524458686,-5.5676969775415905,-4.817985537831056,-3.044805961215133,-1.3269519033910813,0.3576328433013931,-4.620260989737286,-8.525737153953674,-3.2864547425836403,0.8349962999201443,-6.170353143764153,-6.313102072822001
28.884999999998538,-4.851825605221854,11.537942511526836,16.486542747063048,-0.7601571178987605,8.361789925935398,15.879519503188384,36.933968301061064,1.2489127906273385,-14.011458575699312,-4.067398757955479,-6.580242365853818,-7.336802844732068,3.927098616697343,0,0,0,0,3.01311993598938,0.033398184925317764,-0.17814546823501587,3.0,0.0,0.0,-0.10656934059831313,0.9178324207142057,-1.9892455423719486,0.14000148645382055,1.1489416382321616,-2.0371630974926864,0.1686259760310351,-0.17686625216571214,1.3039391556451205,-1.4852419338155392,0.21129010249663197,1.3316671510891496,-1.7287858702809398,4.650774257720246,2.9697871784986334,-4.70728960560044,-5.220712179034816,-2.941919837427525,-0.41629100843094957,1.3980105667965994,-4.838282220397953,-9.040337566385729,-3.6882729554958376,0.5555899343811624,-6.024569843640866,-6.06978558478802
28.889999999998537,-4.87849122506517,10.265921502519136,14.78808907106049,0.018724502948344934,8.089149202245055,13.735251746016425,34.15553713760953,1.9676312665005211,-11.745273884295443,-3.182574431671952,-6.033129605784132,-6.145720195031927,4.058046543340825,0,0,0,0,3.01311993598938,0.033398184925317764,-0.17814546823501587,3.0,0.0,0.0,-0.08462060145646888,0.9348008803989233,-2.007401131866533,0.11360076650342822,1.1357388171705975,-2.0340767781037217,0.18174233437702272,-0.2013257413814041,1.2560641913529433,-1.5046804520208925,0.2126173192229676,1.3005136867668392,-1.7576576799191033,4.389747828368852,3.3936919369435126,-3.6311178989168553,-5.280143990078465,-2.640564212312804,0.617263877792969,2.623271669197524,-4.891897843138394,-9.574992858435449,-3.887703641070684,0.2654433452671247,-6.230692864462057,-5.774361927632717
28.894999999998536,-4.8757693656175665,9.05446497290417,13.184506795008321,0.7058465846155357,7.812132177168191,11.764998535779245,31.386016491304375,2.556821006488514,-9.647934513887101,-2.392702911292991,-5.51882474956345,-5.0588708191706,4.136474468947801,0,0,0,0,3.01311993598938,0.033398184925317764,-0.17814546823501587,3.0,0.0,0.0,-0.06396936899225689,0.9536216813483397,-2.020715610741313,0.08713627224031265,1.1239644374069535,-2.0265361170076672,0.20060366139984673,-0.22573276591379182,1.2060704852652275,-1.5248340492032932,0.2126563353037054,1.2686354865202851,-1.7850156841093914,4.130246492842399,3.7641601898832895,-2.6628957749560196,-5.292898852623115,-2.354875952728822,1.5081322192108795,3.772265404564802,-4.881404906477544,-9.998741217543174,-4.0307194364801555,0.007803216147560521,-6.375640049310794,-5.471600838057604
28.899999999998535,-4.846979098389658,7.906115469312089,11.676030342554844,1.3092732925074415,7.534092363563241,9.961455854819157,28.642385193759573,3.028035112152133,-7.710615212813739,-1.6916913635777373,-5.024463970110819,-4.072607402078367,4.168348120034039,0,0,0,0,3.01311993598938,0.033398184925317764,-0.17814546823501587,3.0,0.0,0.0,-0.04460065671353479,0.9740373751915365,-2.029697528617686,0.06080868538586997,1.1135368795437708,-2.0151953943738277,0.2248111016508453,-0.24981282219289466,1.1544591870624987,-1.5454515796048829,0.2115298544868642,1.2363118547186056,-1.81083939076163,3.873742455744419,4.08313876863937,-1.796383575274619,-5.265517370888535,-2.0855115726365625,2.2681445267679297,4.841488050199718,-4.816011255820568,-10.322259640545743,-4.123506080317911,-0.2252961633682396,-6.464726360335917,-5.16474133044774
28.904999999998534,-4.764805495379238,0.8193754883080544,16.552897274436813,9.651711074046554,4.098975237289521,9.736952230428306,22.24968726918412,11.098960147068775,-8.348266076691292,-0.3534126757954059,-2.7071909874417694,-9.133211752145037,3.316854610320675,0,0,0,0,2.999753713607788,0.07159340381622314,-0.20277947187423706,3.0,0.0,0.0,-0.026493352592126738,0.995802736241976,-2.0348244610306905,0.03479054704119773,1.1043762077856165,-2.0006523041090594,0.25395486360299213,-0.2733336437642826,1.101683100673297,-1.5663111990521892,0.20935574407008672,1.2037939889752642,-1.8351227432537716,3.62146082428161,4.35307221008789,-1.0253864826008896,-5.203627668934447,-1.8321343516308597,2.908618052953689,5.828752390429363,-4.704164314277591,-10.555217277840342,-4.1719238894612545,-0.43482208335549366,-6.5035731486682575,-4.8566704984283176
